Rank	Player ID	Player	Team	Position(s)	ADP	Min Pick	Max Pick	Difference	# Picks	Team	Team Pick
1	9810	Ohtani, Shohei	LAD	UT, P	1.22	1	3		212		
2	8956	Judge, Aaron	NYY	OF	1.86	1	3		212		
3	10932	Witt Jr., Bobby	KC	SS	3.25	1	6		212		
4	10030	Soto, Juan	NYM	OF	4.48	2	8		212		
5	9775	Acuna Jr., Ronald	ATL	OF	5.44	2	9		212		
6	8594	Ramirez, Jose	CLE	3B	5.88	3	15		212		
7	10711	Skubal, Tarik	DET	P	7.89	3	21		212		
8	11583	De La Cruz, Elly	CIN	SS	8.75	3	15		212		
9	10260	Rodriguez, Julio	SEA	OF	9.23	6	17		212		
10	11885	Skenes, Paul	PIT	P	11.18	4	25		212		
11	10900	Crochet, Garrett	BOS	P	13.04	6	27		212		
12	9787	Tucker, Kyle	LAD	OF	13.32	7	21		212		
13	11108	Henderson, Gunnar	BAL	SS	13.58	9	22		212		
14	9948	Tatis Jr., Fernando	SD	OF	13.95	7	21		212		
15	11025	Carroll, Corbin	ARZ	OF	14.23	6	24		212		
16	11875	Caminero, Junior	TB	3B	15.77	7	23		212		
17	10866	Raleigh, Cal	SEA	C	16.65	5	29		212		
18	9785	Guerrero Jr., Vladimir	TOR	1B	18.32	12	26		212		
19	12222	Kurtz, Nick	ATH	1B	18.89	4	30		212		
20	10231	Chisholm Jr., Jazz	NYY	2B, 3B	19.51	2	30		212		
21	11738	Chourio, Jackson	MLW	OF	20.13	14	30		212		
22	8940	Schwarber, Kyle	PHI	UT	23.71	10	36		212		
23	10312	Alonso, Pete	BAL	1B	25.09	9	39		212		
24	8226	Lindor, Francisco	NYM	SS	25.55	14	40		212		
25	9132	Turner, Trea	PHI	SS	27.44	13	45		212		
26	10770	Sanchez, Cristopher	PHI	P	28.76	12	65		212		
27	11883	Yamamoto, Yoshinobu	LAD	P	29.05	13	75		212		
28	11864	Crow-Armstrong, Pete	CHC	OF	32.36	14	49		212		
29	11741	Neto, Zach	LAA	SS	32.62	19	102		212		
30	9112	Marte, Ketel	ARZ	2B	33.06	18	76		212		
31	10367	Alvarez, Yordan	HOU	UT	35.54	22	55		212		
32	11787	Miller, Mason	SD	P	35.84	12	98		212		
33	11750	Wood, James	WAS	OF	36.26	18	62		212		
34	7891	Machado, Manny	SD	3B	37.11	21	57		212		
35	11800	Woo, Bryan	SEA	P	38.73	22	72		212		
36	9376	Diaz, Edwin	LAD	P	39.31	15	102		212		
37	11435	Brown, Hunter	HOU	P	40.10	25	74		212		
38	11881	Langford, Wyatt	TEX	OF	41.07	25	62		212		
39	10149	Rooker, Brent	ATH	OF	41.85	17	61		212		
40	10712	Gilbert, Logan	SEA	P	42.67	24	86		212		
41	7887	Sale, Chris	ATL	P	45.60	17	92		212		
42	8690	Olson, Matt	ATL	1B	45.92	29	74		212		
43	7885	Harper, Bryce	PHI	1B	46.42	26	67		212		
44	11982	Smith, Cade	CLE	P	47.88	19	120		212		
45	10151	Turang, Brice	MLW	2B	49.01	26	75		212		
46	11911	Rice, Ben	NYY	C, 1B	50.12	23	77		212		
47	10134	Munoz, Andres	SEA	P	50.43	25	123		212		
48	10845	Langeliers, Shea	ATH	C	50.97	26	70		212		
49	10239	Duran, Jhoan	PHI	P	51.81	24	129		212		
50	11948	Anthony, Roman	BOS	OF	52.32	23	83		212		
51	8704	Fried, Max	NYY	P	52.93	31	101		212		
52	10364	Contreras, William	MLW	C	53.40	31	74		212		
53	10166	Ragans, Cole	KC	P	56.03	31	107		212		
54	8638	Betts, Mookie	LAD	SS	57.63	33	93		212		
55	8784	deGrom, Jacob	TEX	P	58.20	34	116		212		
56	9708	Devers, Rafael	SF	1B	58.31	36	88		212		
57	10480	Webb, Logan	SF	P	58.47	36	104		212		
58	9821	Riley, Austin	ATL	3B	59.40	39	81		212		
59	9915	Peralta, Freddy	NYM	P	61.21	30	117		212		
60	11848	Goodman, Hunter	COL	C	62.35	32	93		212		
61	10255	Naylor, Josh	SEA	1B	62.52	30	87		212		
62	11387	Garcia, Maikel	KC	3B	62.77	25	88		212		
63	7793	Freeman, Freddie	LAD	1B	62.91	26	88		212		
64	11045	Abrams, CJ	WAS	SS	64.36	41	91		212		
65	10824	Duran, Jarren	BOS	OF	65.19	36	89		212		
66	11891	Merrill, Jackson	SD	OF	69.51	35	100		212		
67	8674	Buxton, Byron	MIN	OF	70.56	33	98		212		
68	10874	Kirby, George	SEA	P	71.69	47	123		212		
69	10681	Bednar, David	NYY	P	71.81	33	166		212		
70	10665	Williams, Devin	NYM	P	71.98	31	172		212		
71	7709	Chapman, Aroldis	BOS	P	72.78	34	161		212		
72	10822	Greene, Riley	DET	OF	73.55	40	102		212		
73	11415	Pasquantino, Vinnie	KC	1B	73.93	40	97		212		
74	10397	Perdomo, Geraldo	ARZ	SS	74.12	41	101		212		
75	12203	Baldwin, Drake	ATL	C	76.13	51	97		212		
76	9649	Bellinger, Cody	NYY	OF	76.86	33	119		212		
77	10235	Luzardo, Jesus	PHI	P	77.69	47	126		212		
78	10191	Cease, Dylan	TOR	P	78.33	48	120		212		
79	11071	Soderstrom, Tyler	ATH	OF, 1B	79.63	13	116		212		
80	11985	Ramirez, Agustin	MIA	C	81.87	44	116		212		
81	11099	Bradish, Kyle	BAL	P	82.31	51	139		212		
82	10786	Ryan, Joe	MIN	P	83.49	46	157		212		
83	8134	Perez, Salvador	KC	C, 1B	85.66	48	116		212		
84	10083	Valdez, Framber	DET	P	86.12	59	132		212		
85	10671	Arozarena, Randy	SEA	OF	86.64	42	118		212		
86	9820	Bichette, Bo	NYM	SS	88.90	51	117		212		
87	11591	Perez, Eury	MIA	P	89.31	58	154		212		
88	8433	Springer, George	TOR	OF	90.30	40	124		212		
89	8805	Suarez, Eugenio	CIN	3B	91.03	35	163		212		
90	10363	Smith, Will	LAD	C	91.13	54	123		212		
91	11305	Suzuki, Seiya	CHC	OF	93.76	52	193		212		
92	10305	Cruz, Oneil	PIT	OF	93.86	37	136		212		
93	8668	Seager, Corey	TEX	SS	94.06	29	154		212		
94	12443	McLean, Nolan	NYM	P	94.55	55	139		212		
95	10302	Hoerner, Nico	CHC	2B	96.36	46	131		212		
96	9570	Pivetta, Nick	SD	P	99.44	70	146		212		
97	11065	Harris II, Michael	ATL	OF	99.68	56	130		212		
98	11048	Busch, Michael	CHC	1B	104.03	66	176		212		
99	8658	Story, Trevor	BOS	SS	104.28	55	151		212		
100	10321	Helsley, Ryan	BAL	P	106.20	51	261		212		
101	11559	Diaz, Yainer	HOU	C	107.74	64	144		212		
102	9958	Robert Jr., Luis	NYM	OF	109.46	62	145		212		
103	8116	Altuve, Jose	HOU	OF, 2B	110.50	61	163		212		
104	9415	Bregman, Alex	CHC	3B	110.72	49	162		212		
105	8427	Gausman, Kevin	TOR	P	115.62	84	149		212		
106	12228	Keaschall, Luke	MIN	2B	116.10	43	170		212		
107	11300	Strider, Spencer	ATL	P	116.62	57	205		212		
108	10241	Adell, Jo	LAA	OF	117.12	48	168		212		
109	12193	Burns, Chase	CIN	P	117.88	74	233		212		
110	8981	Iglesias, Raisel	ATL	P	118.82	70	255		212		
111	11628	Rafaela, Ceddanne	BOS	2B, OF	119.13	72	160		212		
112	11309	Pena, Jeremy	HOU	SS	119.33	51	226		212		
113	11821	Palencia, Daniel	CHC	P	121.17	62	272		212		
114	9428	Hernandez, Teoscar	LAD	OF	123.01	73	177		212		
115	8971	Adames, Willy	SF	SS	123.04	71	162		212		
116	7903	Yelich, Christian	MLW	UT	123.58	76	167		212		
117	8975	Hoffman, Jeff	TOR	P	123.94	61	256		212		
118	8235	Wheeler, Zack	PHI	P	124.82	71	240		212		
119	11811	Sheehan, Emmet	LAD	P	125.81	73	236		212		
120	10964	Lodolo, Nick	CIN	P	126.72	92	184		212		
121	9294	Estevez, Carlos	KC	P	127.29	56	281		212		
122	11682	Pages, Andy	LAD	OF	129.28	85	171		212		
123	9639	Diaz, Yandy	TB	1B	129.34	76	214		212		
124	11894	Misiorowski, Jacob	MLW	P	130.35	87	212		212		
125	11414	Stowers, Kyle	MIA	OF	130.82	75	192		212		
126	12361	Schlittler, Cam	NYY	P	131.43	85	222		212		
127	8700	Glasnow, Tyler	LAD	P	131.44	88	248		212		
128	11059	Pepiot, Ryan	TB	P	132.57	91	199		212		
129	9492	Hader, Josh	HOU	P	133.66	60	334		212		
130	11939	Marsee, Jakob	MIA	OF	135.65	86	180		212		
131	10634	Fairbanks, Pete	MIA	P	135.83	79	283		212		
132	10419	Marte, Noelvi	CIN	OF, 3B	136.48	53	234		212		
133	8546	Gray, Sonny	BOS	P	136.78	87	178		212		
134	9652	Pagan, Emilio	CIN	P	136.90	78	278		212		
135	10289	King, Michael	SD	P	136.99	95	195		212		
136	8955	Nimmo, Brandon	TEX	OF	137.30	82	175		212		
137	9432	Swanson, Dansby	CHC	SS	140.22	89	195		212		
138	10704	Rutschman, Adley	BAL	C	141.45	71	200		212		
139	9678	Woodruff, Brandon	MLW	P	142.36	73	233		212		
140	10076	Ward, Taylor	BAL	OF	143.64	71	195		212		
141	12469	Griffin, Konnor	PIT	SS	143.89	81	250		212		
142	9721	Albies, Ozzie	ATL	2B	145.13	66	195		212		
143	8130	Eovaldi, Nathan	TEX	P	145.31	105	213		212		
144	9754	Alcantara, Sandy	MIA	P	148.15	93	194		212		
145	10807	Rasmussen, Drew	TB	P	148.68	102	251		212		
146	10851	Kirk, Alejandro	TOR	C	153.32	89	213		212		
147	9683	Chapman, Matt	SF	3B	153.67	64	208		212		
148	11590	Williams, Gavin	CLE	P	154.34	81	218		212		
149	7931	Jansen, Kenley	DET	P	154.96	91	319		212		
150	10351	Rogers, Trevor	BAL	P	156.54	110	236		212		
151	11649	Butler, Lawrence	ATH	OF	156.88	108	221		212		
152	11315	Kwan, Steven	CLE	OF	160.57	83	213		212		
153	11421	Burleson, Alec	STL	1B, OF	160.65	88	210		212		
154	11613	McLain, Matt	CIN	2B	160.68	61	237		212		
155	11118	Alvarez, Francisco	NYM	C	163.04	85	228		212		
156	10804	Megill, Trevor	MLW	P	163.08	100	351		212		
157	11653	Doyle, Brenton	COL	OF	163.75	116	227		212		
158	9263	Contreras, Willson	BOS	1B	164.36	98	217		212		
159	9328	Snell, Blake	LAD	P	166.67	90	292		212		
160	12035	Chandler, Bubba	PIT	P	167.17	125	266		212		
161	12039	Basallo, Samuel	BAL	C	167.99	101	225		212		
162	12211	Caglianone, Jac	KC	OF	169.30	83	222		212		
163	10068	Lowe, Brandon	PIT	2B	169.89	75	261		212		
164	10220	Herrera, Ivan	STL	UT	170.64	86	292		212		
165	9506	Castillo, Luis	SEA	P	170.71	95	217		212		
166	9917	Santana, Dennis	PIT	P	170.87	99	376		212		
167	11884	Imanaga, Shota	CHC	P	171.71	107	245		212		
168	9655	Happ, Ian	CHC	OF	171.87	90	239		212		
169	12456	Jensen, Carter	KC	C	171.94	107	216		212		
170	12453	Stewart, Sal	CIN	1B	172.50	97	217		212		
171	12463	Yesavage, Trey	TOR	P	173.88	124	242		212		
172	12471	Imai, Tatsuya	HOU	P	174.15	134	244		212		
173	10365	Edwards, Xavier	MIA	2B, SS	174.15	102	271		212		
174	11794	Walker, Ryan	SF	P	174.78	99	364		212		
175	8775	Ray, Robbie	SF	P	175.15	136	241		212		
176	9973	Gore, MacKenzie	TEX	P	175.28	129	241		212		
177	11086	Stott, Bryson	PHI	2B	175.57	121	224		212		
178	7689	Trout, Mike	LAA	OF	175.67	108	232		212		
179	11117	Moreno, Gabriel	ARZ	C	176.58	92	270		212		
180	11922	Crews, Dylan	WAS	OF	176.80	117	232		212		
181	12127	Wilson, Jacob	ATH	SS	177.57	92	274		212		
182	12212	Simpson, Chandler	TB	OF	178.52	107	255		212		
183	10831	Torkelson, Spencer	DET	1B	179.34	114	232		212		
184	11218	Jax, Griffin	TB	P	180.62	88	386		212		
185	11596	Barger, Addison	TOR	3B, OF	180.74	112	252		212		
186	11664	Uribe, Abner	MLW	P	181.52	98	341		212		
187	11394	Aranda, Jonathan	TB	1B	184.28	90	241		212		
188	10721	Cabrera, Edward	CHC	P	185.27	107	252		212		
189	9840	Suarez, Ranger	BOS	P	187.55	120	247		212		
190	10180	Varsho, Daulton	TOR	OF	188.70	113	244		212		
191	10319	Lewis, Royce	MIN	3B	188.93	119	250		212		
192	11751	Holliday, Jackson	BAL	2B	190.86	109	277		212		
193	11346	Tovar, Ezequiel	COL	SS	191.94	91	272		212		
194	11595	Bibee, Tanner	CLE	P	192.38	142	237		212		
195	11786	Caballero, Jose	NYY	OF, 2B, 3B, SS	193.85	90	255		212		
196	12490	Okamoto, Kazuma	TOR	3B	194.58	82	257		212		
197	10153	Reynolds, Bryan	PIT	OF	194.81	123	246		212		
198	11886	Horton, Cade	CHC	P	195.32	121	264		212		
199	10331	Baz, Shane	BAL	P	197.76	118	264		212		
200	8924	Walker, Christian	HOU	1B	200.08	119	270		212		
201	12364	Lile, Daylen	WAS	OF	201.25	107	253		212		
202	12351	Murakami, Munetaka	CWS	3B	201.67	103	274		212		
203	8800	Realmuto, J.T.	PHI	C	201.76	112	266		212		
204	8832	Polanco, Jorge	NYM	2B	202.50	109	271		212		
205	11581	Frelick, Sal	MLW	OF	203.08	111	256		212		
206	10933	Bubic, Kris	KC	P	203.44	148	272		212		
207	11709	Abreu, Wilyer	BOS	OF	205.78	142	280		212		
208	10332	McClanahan, Shane	TB	P	207.63	108	285		212		
209	10381	Abreu, Bryan	HOU	P	209.67	111	389		212		
210	9964	Garcia, Adolis	PHI	OF	209.79	99	263		212		
211	8942	Rodon, Carlos	NYY	P	209.96	127	275		212		
212	8961	Nola, Aaron	PHI	P	210.77	157	252		212		
213	10213	Ramos, Heliot	SF	OF	211.16	131	264		212		
214	9750	Flaherty, Jack	DET	P	214.62	146	268		212		
215	10422	Lopez, Otto	MIA	SS, 2B	215.21	131	286		212		
216	12302	Wetherholt, JJ	STL	SS	217.20	143	277		212		
217	9919	Laureano, Ramon	SD	OF	217.81	131	283		212		
218	9087	Boyd, Matthew	CHC	P	219.08	119	264		212		
219	9944	Gallen, Zac	ARZ	P	220.18	122	262		212		
220	11901	Teel, Kyle	CWS	C	221.31	90	353		207		
221	12204	Durbin, Caleb	BOS	3B	222.31	155	309		212		
222	9838	Dominguez, Seranthony	CWS	P	222.43	139	451		212		
223	11802	Abbott, Andrew	CIN	P	223.70	149	272		212		
224	10218	Paredes, Isaac	HOU	3B	223.89	115	322		212		
225	8417	Bogaerts, Xander	SD	SS	226.07	122	297		212		
226	11530	Carpenter, Kerry	DET	OF	226.29	146	295		212		
227	11407	Suarez, Robert	ATL	P	226.50	92	419		210		
228	12084	Beck, Jordan	COL	OF	228.04	170	276		212		
229	11892	Montgomery, Colson	CWS	SS	228.83	144	328		212		
230	8691	Muncy, Max	LAD	3B	229.75	161	296		212		
231	10125	Bohm, Alec	PHI	3B	231.08	151	304		212		
232	11599	Wells, Austin	NYY	C	232.32	114	360		210		
233	9778	Torres, Gleyber	DET	2B	234.40	137	310		212		
234	10279	Garcia Jr., Luis	WAS	2B	234.58	146	305		212		
235	11075	O'Hoppe, Logan	LAA	C	234.75	130	318		211		
236	10920	Dingler, Dillon	DET	C	236.54	152	358		210		
237	10224	Burger, Jake	TEX	1B	238.64	175	336		212		
238	9784	Moniak, Mickey	COL	OF	239.15	148	297		212		
239	12470	McGonigle, Kevin	DET	SS	239.77	114	337		212		
240	11600	Manzardo, Kyle	CLE	1B	240.92	164	316		212		
241	10658	Grisham, Trent	NYY	OF	242.92	117	305		212		
242	11327	Leiter, Jack	TEX	P	243.38	203	298		212		
243	8602	Semien, Marcus	NYM	2B	243.91	151	344		212		
244	10325	Weathers, Ryan	NYY	P	247.98	193	383		212		
245	11609	Cowser, Colton	BAL	OF	249.24	181	311		212		
246	7789	Stanton, Giancarlo	NYY	OF	249.28	146	353		212		
247	9248	Musgrove, Joe	SD	P	249.96	170	372		208		
248	11182	Senga, Kodai	NYM	P	250.68	74	315		212		
249	9856	Castro, Willi	COL	2B, 3B, OF	251.89	169	318		212		
250	12305	Smith, Shane	CWS	P	255.22	184	323		212		
251	10358	Stephenson, Tyler	CIN	C	256.14	177	341		210		
252	8231	Cole, Gerrit	NYY	P	256.64	153	442		212		
253	11357	Donovan, Brendan	SEA	2B	257.90	179	322		212		
254	10344	Friedl, TJ	CIN	OF	259.02	210	313		212		
255	10481	Arraez, Luis	SF	1B	259.48	148	341		209		
256	11999	Ashcraft, Braxton	PIT	P	259.93	208	353		212		
257	11619	Burrows, Mike	HOU	P	261.23	193	352		212		
258	11326	Nelson, Ryne	ARZ	P	263.09	209	327		212		
259	12303	Crawford, Justin	PHI	OF	264.32	172	348		212		
260	8656	Correa, Carlos	HOU	3B, SS	264.43	163	347		211		
261	9824	O'Hearn, Ryan	PIT	1B, OF	264.46	180	348		212		
262	10946	Jeffers, Ryan	MIN	C	265.77	127	358		208		
263	10506	Kelly, Merrill	ARZ	P	266.97	202	359		212		
264	10788	Vaughn, Andrew	MLW	1B	267.89	173	335		211		
265	10774	Ponce, Cody	TOR	P	269.99	211	346		212		
266	10417	Vargas, Miguel	CWS	1B, 3B	271.86	157	348		211		
267	10159	Mize, Casey	DET	P	275.33	214	338		212		
268	11439	Lawlar, Jordan	ARZ	3B	275.40	176	439		212		
269	11123	Baty, Brett	NYM	2B, 3B	275.51	166	352		211		
270	11823	Garcia, Robert	TEX	P	275.96	161	461		207		
271	10207	Rodriguez, Grayson	LAA	P	277.67	205	381		212		
272	11753	Carter, Evan	TEX	OF	280.31	225	338		211		
273	11919	DeLauter, Chase	CLE	OF	283.96	211	390		211		
274	10401	Cantillo, Joey	CLE	P	286.69	215	388		212		
275	12201	Cameron, Noah	KC	P	289.33	210	398		209		
276	11556	Steer, Spencer	CIN	1B	289.33	200	383		207		
277	10925	Clement, Ernie	TOR	2B, 3B, SS	289.63	168	356		206		
278	11585	Painter, Andrew	PHI	P	292.51	187	391		212		
279	11940	Sasaki, Roki	LAD	P	292.59	203	454		212		
280	10899	Winn, Masyn	STL	SS	295.54	193	374		205		
281	11162	O'Brien, Riley	STL	P	298.77	196	480		203		
282	12459	Early, Connelly	BOS	P	299.15	207	442		208		
283	10216	Greene, Hunter	CIN	P	299.51	36	494		176		
284	8666	Manaea, Sean	NYM	P	299.66	220	400		208		
285	10254	Lowe, Josh	LAA	OF	301.55	222	394		208		
286	11898	Warren, Will	NYY	P	303.62	215	377		211		
287	12259	Patrick, Chad	MLW	P	305.70	236	406		212		
288	10072	Mullins, Cedric	TB	OF	307.36	234	381		208		
289	11749	Dominguez, Jasson	NYY	OF	308.40	147	431		207		
290	11636	Miller, Bryce	SEA	P	308.82	194	435		204		
291	11921	Shaw, Matt	CHC	3B	309.82	194	465		204		
292	12215	Messick, Parker	CLE	P	310.32	252	410		212		
293	11903	Lee, Jung Hoo	SF	OF	310.98	224	359		202		
294	9410	Lopez, Reynaldo	ATL	P	312.69	190	403		212		
295	11576	Wallner, Matt	MIN	OF	314.35	226	384		205		
296	12238	Henderson, Logan	MLW	P	314.60	225	439		204		
297	11187	Soriano, Jose	LAA	P	316.58	217	398		206		
298	10971	Cavalli, Cade	WAS	P	322.03	233	447		209		
299	12012	Narvaez, Carlos	BOS	C	322.64	198	360		197		
300	12148	Matthews, Zebby	MIN	P	322.82	232	418		204		
301	10832	Meyer, Max	MIA	P	323.39	235	440		211		
302	8808	Yates, Kirby	LAA	P	323.70	180	550		202		
303	10760	Gil, Luis	NYY	P	329.73	226	419		209		
304	10145	Singer, Brady	CIN	P	330.92	239	394		203		
305	10915	Detmers, Reid	LAA	P	331.01	244	400		209		
306	10133	Gimenez, Andres	TOR	2B	334.03	231	431		197		
307	8478	Ozuna, Marcell	PIT	UT	334.25	204	413		198		
308	9742	Mahle, Tyler	SF	P	340.58	262	452		207		
309	9555	Holmes, Clay	NYM	P	341.39	242	476		203		
310	8879	Bassitt, Chris	BAL	P	342.54	235	393		202		
311	12480	Benge, Carson	NYM	OF	342.66	147	414		203		
312	11825	Keith, Colt	DET	2B, 3B	344.20	204	393		193		
313	11106	Beeter, Clayton	WAS	P	349.53	204	510		200		
314	11947	Scott II, Victor	STL	OF	349.97	231	411		197		
315	10038	Bieber, Shane	TOR	P	352.02	205	448		189		
316	11441	Smith, Josh	TEX	1B, 3B, SS	353.78	182	410		192		
317	12331	Smith, Cam	HOU	OF	354.17	171	408		196		
318	11159	Ober, Bailey	MIN	P	355.20	249	429		190		
319	11632	Abel, Mick	MIN	P	355.67	256	512		203		
320	11501	Sosa, Lenyn	CWS	1B, 2B	357.63	172	417		185		
321	11907	Snelling, Robby	MIA	P	364.54	260	452		194		
322	12226	Beavers, Dylan	BAL	OF	366.73	241	453		193		
323	11614	Acuna, Luisangel	CWS	2B	368.28	205	432		193		
324	12191	Quero, Edgar	CWS	C	371.68	158	417		183		
325	7886	Taillon, Jameson	CHC	P	376.28	224	470		187		
326	9993	McKinstry, Zach	DET	3B, SS, OF	376.75	191	414		183		
327	10061	McNeil, Jeff	ATH	2B, OF	377.15	197	385		181		
328	11740	Lee, Brooks	MIN	2B, 3B, SS	380.72	206	450		181		
329	10181	Peterson, David	NYM	P	388.29	199	502		186		
330	9710	Bader, Harrison	SF	OF	389.53	248	403		177		
331	11778	Canzone, Dominic	SEA	OF	393.67	250	453		182		
332	11362	Bello, Brayan	BOS	P	395.92	255	432		178		
333	10885	Walker, Jordan	STL	OF	398.11	258	421		180		
334	11841	Lopez, Jacob	ATH	P	398.51	261	503		190		
335	9452	Kelly, Carson	CHC	C	403.91	192	428		167		
336	9379	Eflin, Zach	BAL	P	404.17	241	530		184		
337	11844	Schanuel, Nolan	LAA	1B	404.62	240	415		169		
338	10468	Holmes, Grant	ATL	P	405.47	225	563		192		
339	10438	Kikuchi, Yusei	LAA	P	411.46	224	477		175		
340	9312	Lugo, Seth	KC	P	412.13	240	452		179		
341	9799	Keller, Mitch	PIT	P	412.39	208	453		172		
342	10287	Liberatore, Matthew	STL	P	414.22	245	499		180		
343	9789	O'Neill, Tyler	BAL	OF	415.80	286	501		181		
344	10189	May, Dustin	STL	P	415.99	268	467		183		
345	11889	Mayo, Coby	BAL	1B	417.58	240	444		177		
346	11420	Seymour, Ian	TB	P	425.39	249	494		173		
347	10248	India, Jonathan	KC	OF, 3B, 2B	429.00	105	412		162		
348	10143	Naylor, Bo	CLE	C	429.88	90	405		153		
349	11610	Westburg, Jordan	BAL	3B	431.26	113	459		155		
350	11597	Harrison, Kyle	MLW	P	431.63	251	596		177		
351	12359	Taylor, Grant	CWS	P	432.38	231	518		167		
352	11588	Bradley, Taj	MIN	P	435.83	283	496		176		
353	10717	Javier, Cristian	HOU	P	436.95	268	477		174		
354	10892	Oviedo, Johan	BOS	P	442.50	266	566		173		
355	11131	Priester, Quinn	MLW	P	443.80	213	528		154		
356	10147	Garrett, Braxton	MIA	P	444.17	271	513		175		
357	9763	Hays, Austin	CWS	OF	446.66	239	415		157		
358	12050	Caissie, Owen	MIA	OF	449.09	245	441		163		
359	10236	Sanchez, Jesus	TOR	OF	451.17	244	463		156		
360	10146	Marsh, Brandon	PHI	OF	451.26	249	462		157		
361	8426	Wacha, Michael	KC	P	451.42	279	456		160		
362	9225	Rogers, Taylor	MIN	P	453.11	237	572		165		
363	12202	Eldridge, Bryce	SF	UT	453.59	248	463		162		
364	10528	Romero, JoJo	STL	P	453.96	153	547		166		
365	12227	Meidroth, Chase	CWS	2B, SS	454.15	246	445		151		
366	8221	Castellanos, Nick	SD	OF	454.15	188	468		157		
367	8962	Bell, Josh	MIN	1B	454.35	248	449		151		
368	11186	Vest, Will	DET	P	455.00	214	519		154		
369	11861	Vodnik, Victor	COL	P	455.95	222	551		159		
370	10282	Vientos, Mark	NYM	3B	458.73	260	520		153		
371	9609	Rengifo, Luis	MLW	2B, 3B	461.22	291	462		157		
372	8223	Arenado, Nolan	ARZ	3B	469.17	254	432		151		
373	10226	McCarthy, Jake	COL	OF	471.04	280	480		158		
374	10477	Steele, Justin	CHC	P	472.17	231	485		154		
375	10769	Cleavinger, Garrett	TB	P	473.83	241	544		159		
376	12097	Sterner, Justin	ATH	P	477.26	236	596		154		
377	11933	Lowder, Rhett	CIN	P	477.55	263	524		160		
378	10626	Yastrzemski, Mike	ATL	OF	479.69	251	466		149		
379	10980	Jung, Josh	TEX	3B	480.56	247	471		143		
380	12010	Nunez, Nasim	WAS	SS	480.78	263	515		150		
381	11325	Volpe, Anthony	NYY	SS	481.28	270	475		147		
382	8331	Soler, Jorge	LAA	OF	484.65	193	475		147		
383	10303	Gorman, Nolan	STL	3B, 2B	485.29	240	439		146		
384	11586	Pfaadt, Brandon	ARZ	P	485.57	277	487		149		
385	12067	Mangum, Jake	PIT	OF	490.21	247	495		146		
386	9262	Caratini, Victor	MIN	C	490.66	257	460		141		
387	10335	Woods Richardson, Simeon	MIN	P	491.08	282	484		146		
388	10662	Ginkel, Kevin	ARZ	P	492.08	247	548		149		
389	9642	Sewald, Paul	ARZ	P	492.40	261	561		152		
390	11060	Uceta, Edwin	TB	P	492.95	236	552		140		
391	11934	Mayer, Marcelo	BOS	3B	494.60	271	491		144		
392	11836	Cecconi, Slade	CLE	P	496.68	253	552		151		
393	12217	Ballesteros, Moises	CHC	UT	501.27	238	492		141		
394	12179	Collins, Isaac	KC	OF	507.12	291	480		137		
395	9921	Erceg, Lucas	KC	P	512.69	290	589		142		
396	10204	Sheets, Gavin	SD	OF	514.50	268	474		133		
397	11937	Ford, Harry	WAS	C	521.87	206	476		128		
398	10569	Edman, Tommy	LAD	2B, OF	522.67	257	489		127		
399	9475	Gurriel Jr., Lourdes	ARZ	OF	524.15	297	524		135		
400	8958	Severino, Luis	ATH	P	527.91	286	564		137		
401	12266	Svanson, Matt	STL	P	528.21	260	587		134		
402	10766	Cronenworth, Jake	SD	2B	528.75	260	494		128		
403	11514	Fermin, Freddy	SD	C	530.99	276	460		127		
404	11603	Norby, Connor	MIA	3B	532.42	230	535		128		
405	11190	Whitlock, Garrett	BOS	P	534.47	283	524		131		
406	9417	Benintendi, Andrew	CWS	OF	535.16	305	510		130		
407	11342	Clemens, Kody	MIN	OF, 2B, 1B	535.28	141	472		123		
408	10792	Finnegan, Kyle	DET	P	535.51	234	586		120		
409	11434	Horwitz, Spencer	PIT	1B	535.98	265	509		122		
410	6837	Scherzer, Max	TOR	P	537.38	275	578		139		
411	11553	Estrada, Jeremiah	SD	P	538.06	271	553		122		
412	11204	Mitchell, Garrett	MLW	OF	538.23	232	544		136		
413	9860	Littell, Zack	WAS	P	540.64	252	549		128		
414	11668	Triolo, Jared	PIT	1B, 3B, SS	541.04	265	523		120		
415	5420	Verlander, Justin	DET	P	541.96	309	547		135		
416	9726	McMahon, Ryan	NYY	3B	543.17	286	491		122		
417	8694	Crawford, J.P.	SEA	SS	543.87	252	480		117		
418	11634	Roupp, Landen	SF	P	547.30	292	532		127		
419	10067	Springs, Jeffrey	ATH	P	550.70	316	518		125		
420	12198	Sproat, Brandon	MLW	P	555.73	300	531		127		
421	11910	Ryan, River	LAD	P	556.58	268	583		130		
422	11625	Ortiz, Joey	MLW	SS	557.16	299	490		120		
423	10446	Thomas, Lane	KC	OF	558.17	207	535		123		
424	12452	Tolle, Payton	BOS	P	559.11	297	530		117		
425	9523	Andujar, Miguel	SD	3B, OF	562.26	270	524		121		
426	10263	Ruiz, Keibert	WAS	C	564.39	296	486		112		
427	11102	Bailey, Patrick	SF	C	568.53	247	468		109		
428	9795	Jansen, Danny	TEX	C	569.06	265	499		110		
429	9765	Robles, Victor	SEA	OF	569.42	254	585		112		
430	10290	Amaya, Miguel	CHC	C	571.50	274	510		111		
431	12124	Wrobleski, Justin	LAD	P	573.12	284	593		122		
432	11926	House, Brady	WAS	3B	573.96	275	577		118		
433	12301	Muncy, Max	ATH	2B, 3B	575.75	310	589		118		
434	12241	Clarke, Denzel	ATH	OF	576.68	294	543		115		
435	8643	Baez, Javier	DET	3B, SS, OF	577.65	289	544		110		
436	9802	Dubon, Mauricio	ATL	2B, 3B, SS, OF	578.08	298	522		108		
437	10350	Larnach, Trevor	MIN	OF	581.35	299	495		107		
438	8748	Martinez, Nick	TB	P	582.78	342	558		117		
439	9791	Soroka, Michael	ARZ	P	583.17	338	573		115		
440	12434	Morales, Luis	ATH	P	585.88	267	568		110		
441	11893	Jones, Jared	PIT	P	585.97	313	546		103		
442	10327	Murphy, Sean	ATL	C	586.42	281	548		100		
443	12020	Arrighetti, Spencer	HOU	P	587.54	298	561		112		
444	11105	Doval, Camilo	NYY	P	588.16	270	578		104		
445	8650	Stephenson, Robert	LAA	P	590.50	287	674		99		
446	12137	McGreevy, Michael	STL	P	591.10	301	579		114		
447	9725	Hoskins, Rhys	CLE	1B	593.00	287	552		106		
448	10999	Meyers, Jake	HOU	OF	593.19	319	574		106		
449	12189	Condon, Charlie	COL	1B	593.80	231	581		103		
450	9772	Scott, Tanner	LAD	P	594.35	274	593		98		
451	11147	Kim, Ha-Seong	ATL	SS	594.83	268	525		95		
452	8951	Berrios, Jose	TOR	P	595.79	280	653		107		
453	9175	Houser, Adrian	SF	P	596.78	307	579		111		
454	8724	Giolito, Lucas	BOS	P	597.87	322	561		104		
455	12028	Leasure, Jordan	CWS	P	603.82	285	587		92		
456	10183	Kremer, Dean	BAL	P	604.36	360	559		104		
457	11225	Nootbaar, Lars	STL	OF	605.62	340	542		99		
458	12344	Tong, Jonah	NYM	P	605.94	301	532		89		
459	12479	Emerson, Colt	SEA	SS	606.55	282	549		97		
460	8689	Matz, Steven	TB	P	606.67	362	592		110		
461	11266	Latz, Jacob	TEX	P	606.99	331	583		106		
462	11375	Weiss, Ryan	HOU	P	609.21	331	590		105		
463	12214	Kim, Hyeseong	LAD	2B	610.07	305	556		100		
464	8768	Martin, Chris	TEX	P	612.06	281	629		100		
465	12477	Waldschmidt, Ryan	ARZ	OF	612.26	220	580		98		
466	12046	Melton, Jacob	TB	OF	613.78	290	591		98		
467	12190	Rushing, Dalton	LAD	C	614.76	218	553		92		
468	10434	Perez, Wenceel	DET	OF	615.91	314	584		97		
469	11592	Julien, Edouard	COL	1B, 2B	616.18	297	596		101		
470	8126	Goldschmidt, Paul	NYY	1B	619.43	177	576		94		
471	10307	Meadows, Parker	DET	OF	620.72	324	546		91		
472	8632	Rodriguez, Eduardo	ARZ	P	621.48	346	595		98		
473	10379	Rocchio, Brayan	CLE	2B, SS	621.99	299	587		93		
474	10123	Morejon, Adrian	SD	P	622.44	271	584		89		
475	12194	Moore, Christian	LAA	2B	622.63	321	574		92		
476	12502	Baez, Joshua	STL	OF	624.03	306	572		87		
477	11650	Harris, Hogan	ATH	P	625.06	274	626		91		
478	12473	Ritchie, JR	ATL	P	626.34	280	594		97		
479	10347	Santillan, Tony	CIN	P	627.21	313	592		88		
480	9430	Weaver, Luke	NYM	P	628.40	321	560		88		
481	9800	Burnes, Corbin	ARZ	P	628.52	241	597		89		
482	11677	Vasquez, Randy	SD	P	628.56	330	646		95		
483	11154	Morel, Christopher	MIA	OF	629.68	331	598		96		
484	10880	Pages, Pedro	STL	C	629.77	337	575		89		
485	10245	Bart, Joey	PIT	C	630.45	366	593		92		
486	12024	Williams, Carson	TB	SS	632.52	342	590		90		
487	10748	Griffin, Foster	WAS	P	632.80	366	614		98		
488	12216	Bazzana, Travis	CLE	2B	632.82	273	583		85		
489	10200	Arias, Gabriel	CLE	2B, SS	632.91	326	594		90		
490	10262	Hayes, Ke'Bryan	CIN	3B	633.62	370	565		90		
491	10203	Lux, Gavin	TB	OF	634.07	327	581		90		
492	11943	Hicks, Liam	MIA	1B, C	634.37	347	567		90		
493	9205	Strahm, Matt	KC	P	634.41	257	623		91		
494	11868	Boyle, Joe	TB	P	636.14	206	630		88		
495	11822	Leahy, Kyle	STL	P	636.92	351	598		93		
496	12169	Halvorsen, Seth	COL	P	636.96	273	700		88		
497	12014	Fitts, Richard	STL	P	637.83	371	610		95		
498	10309	Smith, Pavin	ARZ	1B	639.55	335	599		87		
499	8979	Moncada, Yoan	LAA	3B	641.06	345	584		89		
500	10356	Freeman, Tyler	COL	OF	641.91	277	600		85		
501	12478	White, Thomas	MIA	P	643.12	358	582		84		
502	12096	Schwellenbach, Spencer	ATL	P	643.43	322	620		82		
503	12461	Cole, Zach	HOU	OF	643.46	292	627		88		
504	12195	Campbell, Kristian	BOS	2B	645.11	355	589		83		
505	11331	Veen, Zac	COL	OF	645.19	318	603		82		
506	12482	Mack, Joe	MIA	C	645.67	265	555		79		
507	9470	Higashioka, Kyle	TEX	C	646.50	338	600		83		
508	12249	Young, Cole	SEA	2B	647.41	326	594		85		
509	12047	Jones, Spencer	NYY	OF	647.49	267	601		79		
510	11755	Burke, Sean	CWS	P	650.51	378	621		86		
511	12209	Dollander, Chase	COL	P	651.95	330	726		88		
512	11935	Brown, Ben	CHC	P	652.59	349	647		88		
513	10764	Raley, Luke	SEA	1B, OF	653.25	372	599		85		
514	9677	Maton, Phil	CHC	P	653.65	324	633		77		
515	11297	Brash, Matt	SEA	P	655.22	353	613		76		
516	8228	Profar, Jurickson	ATL	OF	655.99	128	571		43		
517	11307	Elder, Bryce	ATL	P	656.27	336	650		81		
518	11887	Waldrep, Hurston	ATL	P	657.67	332	717		73		
519	11276	Gonzalez, Romy	BOS	1B, 2B	657.69	310	725		82		
520	10355	Casas, Triston	BOS	1B	658.06	368	608		75		
521	11193	Wells, Tyler	BAL	P	659.81	341	655		81		
522	9863	Kiner-Falefa, Isiah	BOS	3B, SS	660.32	309	645		81		
523	9648	Leiter Jr., Mark	ATH	P	660.77	272	624		75		
524	12430	Melton, Troy	DET	P	662.26	266	708		72		
525	12279	Garcia, Jhostynxon	PIT	OF	662.40	349	651		79		
526	11923	Williams, Jett	MLW	SS	663.03	389	628		78		
527	10126	Thomas, Alek	ARZ	OF	663.40	388	599		79		
528	12128	Baldwin, Brooks	CWS	OF	664.25	302	744		73		
529	11742	Davis, Henry	PIT	C	664.75	312	612		77		
530	11905	Johnston, Troy	COL	OF	665.16	331	598		75		
531	12472	Miller, Aidan	PHI	SS	666.12	381	621		69		
532	11364	Sands, Cole	MIN	P	666.16	337	663		75		
533	11754	Joyce, Ben	LAA	P	667.14	340	649		73		
534	11912	Scott, Christian	NYM	P	668.00	363	640		75		
535	10142	Alexander, Blaze	BAL	3B	668.41	351	626		77		
536	10694	Kay, Anthony	CWS	P	669.20	312	672		72		
537	10838	Bleday, JJ	CIN	OF	669.48	51	640		73		
538	11637	Lukes, Nathan	TOR	OF	669.58	361	631		75		
539	12177	Sanoja, Javier	MIA	2B, 3B, OF	669.67	379	624		74		
540	12183	Rocker, Kumar	TEX	P	670.24	411	607		75		
541	11395	Faucher, Calvin	MIA	P	670.28	263	676		67		
542	12626	Rumfield, T.J.	COL	1B	674.62	230	738		69		
543	12250	Tawa, Tim	ARZ	1B, OF, 2B	674.89	406	648		74		
544	9788	Bauers, Jake	MLW	OF, 1B	676.30	326	602		72		
545	10210	Conine, Griffin	MIA	OF	676.40	308	612		69		
546	12360	Barco, Hunter	PIT	P	677.06	349	691		71		
547	11895	Saggese, Thomas	STL	2B, SS	677.99	459	653		73		
548	9936	Keller, Brad	PHI	P	678.62	343	662		69		
549	11289	Fortes, Nick	TB	C	680.90	399	688		69		
550	9892	Soto, Gregory	PIT	P	681.29	346	717		66		
551	10518	Romano, Jordan	LAA	P	682.35	268	687		66		
552	9977	Mountcastle, Ryan	BAL	1B	682.78	372	605		66		
553	11662	Ferrer, Jose A.	SEA	P	683.69	370	726		66		
554	12040	Jenkins, Walker	MIN	OF	684.27	361	675		67		
555	10372	Ashby, Aaron	MLW	P	684.77	398	708		70		
556	10725	Rogers, Tyler	TOR	P	686.25	286	717		66		
557	9599	Santander, Anthony	TOR	OF	686.46	267	750		60		
558	11743	Schmitt, Casey	SF	2B, 3B	687.10	419	627		63		
559	12161	Ginn, J.T.	ATH	P	687.23	322	658		62		
560	8633	Harvey, Hunter	CHC	P	687.47	395	659		64		
561	12329	Rodriguez, Elmer	NYY	P	688.21	450	624		64		
562	9792	Puk, A.J.	ARZ	P	688.23	373	707		60		
563	11038	Gonzales, Nick	PIT	2B	688.36	389	739		64		
564	11423	Henry, Cole	WAS	P	689.31	347	717		60		
565	11745	Gasser, Robert	MLW	P	689.39	428	617		60		
566	11424	Varland, Louis	TOR	P	689.44	364	668		61		
567	12439	Karros, Kyle	COL	3B	691.13	349	649		56		
568	12367	Clark, Max	DET	OF	692.50	375	731		63		
569	9124	Rea, Colin	CHC	P	692.77	307	683		61		
570	11350	Diaz, Alexis	TEX	P	693.15	427	734		58		
571	11952	Loperfido, Joey	HOU	OF	693.56	401	740		59		
572	8189	Pomeranz, Drew	LAA	P	694.00	331	723		57		
573	11624	Gelof, Zack	ATH	2B	695.53	411	734		60		
574	9764	Buehler, Walker	PHI	P	695.81	284	711		58		
575	10873	Hancock, Emerson	SEA	P	696.09	313	710		52		
576	11675	Martinez, Angel	CLE	2B, OF	696.20	320	623		54		
577	10705	Heim, Jonah	ATL	C	697.03	422	665		55		
578	8807	Rojas, Miguel	LAD	3B, 2B, SS	697.14	446	680		60		
579	12403	Hernandez, Heriberto	MIA	OF	697.70	370	667		53		
580	10833	Martin, Austin	MIN	OF	697.99	394	718		54		
581	10161	Paddack, Chris	MIA	P	698.28	414	691		53		
582	9123	Armstrong, Shawn	CLE	P	698.96	335	741		58		
583	10024	Lauer, Eric	TOR	P	699.58	374	684		55		
584	11594	Olson, Reese	DET	P	699.72	404	744		51		
585	12483	Anderson, Kade	SEA	P	700.12	396	731		54		
586	9557	Sosa, Edmundo	PHI	2B, 3B	700.22	386	673		56		
587	10296	Lowe, Nathaniel	BOS	1B	700.34	308	690		52		
588	12415	Fuentes, Didier	ATL	P	700.62	411	741		49		
589	9583	Anderson, Drew	DET	P	700.71	393	714		54		
590	8212	Sanchez, Gary	MLW	C	701.21	395	733		56		
591	11223	Vierling, Matt	DET	OF	701.42	416	705		48		
592	11412	Allen, Logan	CLE	P	701.48	413	719		54		
593	12355	Matthews, Brice	HOU	2B	702.24	411	681		49		
594	9515	Alvarado, Jose	PHI	P	702.44	360	730		56		
595	11810	Mlodzinski, Carmen	PIT	P	702.72	419	715		53		
596	12592	Song, Sung-Mun	SD	3B	703.50	316	711		55		
597	10784	Vesia, Alex	LAD	P	704.20	336	729		54		
598	11645	Hamilton, David	MLW	2B	704.62	392	698		50		
599	10225	Fraley, Jake	TB	OF	704.65	421	689		50		
600	11924	Povich, Cade	BAL	P	705.25	450	750		52		
601	10854	Manoah, Alek	LAA	P	705.87	355	740		52		
602	12491	Lagrange, Carlos	NYY	P	706.20	353	746		54		
603	7514	Santana, Carlos	ARZ	1B	707.00	395	688		51		
604	9706	Kittredge, Andrew	BAL	P	707.02	428	725		52		
605	8659	McCullers Jr., Lance	HOU	P	707.08	389	715		50		
606	12192	Mathews, Quinn	STL	P	708.41	485	707		51		
607	8688	Pederson, Joc	TEX	UT	708.71	454	706		49		
608	11470	Martin, Davis	CWS	P	709.26	441	745		49		
609	11401	Sears, JP	SD	P	709.64	343	692		47		
610	11838	Schneider, Davis	TOR	2B, OF	710.58	324	655		42		
611	10318	Mauricio, Ronny	NYM	3B	710.94	442	643		44		
612	11846	Young, Jacob	WAS	OF	712.35	383	673		44		
613	11528	Gaddis, Hunter	CLE	P	712.91	361	721		49		
614	12435	Kayfus, CJ	CLE	OF	713.09	413	693		46		
615	10955	Walls, Taylor	TB	SS	713.43	417	745		45		
616	12299	De Vries, Leodalis	ATH	SS	713.97	409	733		42		
617	10937	Wong, Connor	BOS	C	714.14	441	737		45		
618	10640	Civale, Aaron	ATH	P	714.48	428	728		44		
619	11629	Yoshida, Masataka	BOS	UT	714.55	318	710		44		
620	12406	Ritter, Ryan	COL	2B, SS	715.92	407	665		40		
621	11990	Rodriguez, Emmanuel	MIN	OF	718.14	422	729		42		
622	11954	Pauley, Graham	MIA	3B	718.34	288	714		38		
623	10853	Baker, Bryan	TB	P	718.92	301	747		43		
624	10193	Ruiz, Esteury	MIA	OF	719.35	351	700		38		
625	12288	Bergert, Ryan	KC	P	720.08	494	708		40		
626	11442	Pallante, Andre	STL	P	720.42	438	740		41		
627	12485	Ortiz, Abimelec	WAS	1B	720.53	444	727		43		
628	11621	Montgomery, Mason	PIT	P	720.56	458	724		45		
629	9028	Lorenzen, Michael	COL	P	721.22	479	750		41		
630	12484	Jump, Gage	ATH	P	722.78	439	750		42		
631	12389	Blubaugh, AJ	HOU	P	723.03	413	680		35		
632	11557	Cruz, Fernando	NYY	P	723.96	378	733		41		
633	10205	Valera, George	CLE	UT	724.24	316	746		34		
634	11283	Crawford, Kutter	BOS	P	724.31	457	721		38		
635	11789	Fry, David	CLE	UT	724.44	471	729		39		
636	12444	Church, Nathan	STL	OF	724.59	415	690		33		
637	12199	Thomas, Colby	ATH	OF	724.93	360	701		33		
638	11126	Topa, Justin	MIN	P	725.02	365	735		31		
639	10209	Canning, Griffin	SD	P	725.74	512	715		38		
640	10960	Thompson, Ryan	ARZ	P	725.80	418	733		32		
641	8280	Quintana, Jose	COL	P	725.93	284	741		33		
642	10025	Adam, Jason	SD	P	726.39	348	748		37		
643	12159	Casparius, Ben	LAD	P	727.13	449	735		38		
644	10688	Speier, Gabe	SEA	P	727.47	422	740		37		
645	12197	Schultz, Noah	CWS	P	727.58	423	750		40		
646	9862	Trevino, Jose	CIN	C	727.84	500	721		34		
647	12352	Made, Jesus	MLW	SS	728.02	439	738		33		
648	8897	McCann, James	ARZ	C	728.03	493	739		35		
649	8418	Walker, Taijuan	PHI	P	728.25	398	742		32		
650	12345	Perkins, Jack	ATH	P	728.40	482	733		34		
651	10345	Myers, Tobias	NYM	P	728.62	387	712		31		
652	12181	Wagaman, Eric	MIN	1B, OF	728.84	466	723		34		
653	12338	Kemp, Otto	PHI	3B	729.45	495	717		32		
654	8170	Hendriks, Liam	BOS	P	729.70	345	743		29		
655	10362	Benson, Will	CIN	OF	730.00	523	748		34		
656	9600	Torrens, Luis	NYM	C	730.55	363	744		31		
657	12450	Crooks, Jimmy	STL	C	730.67	482	740		30		
658	11986	McDonald, Trevor	SF	P	730.68	523	740		29		
659	12340	Alvarado, Elvis	ATH	P	730.87	413	736		29		
660	11046	Hassell III, Robert	WAS	OF	731.40	399	738		29		
661	12481	Wiggins, Jaxon	CHC	P	732.03	535	746		35		
662	12220	Klassen, George	LAA	P	732.28	447	733		30		
663	11399	Outman, James	MIN	OF	732.29	395	747		26		
664	9295	Marquez, German	SD	P	732.49	421	733		27		
665	11681	DeLuca, Jonny	TB	OF	732.84	519	742		29		
666	11280	Junk, Janson	MIA	P	732.90	493	741		31		
667	9387	Frazier, Adam	KC	2B, OF	733.04	465	736		28		
668	8941	Freeland, Kyle	COL	P	733.48	465	744		19		
669	12098	Schneemann, Daniel	CLE	2B, 3B, OF	733.61	498	748		30		
670	11736	Encarnacion-Strand, Christian	CIN	1B	733.73	483	737		30		
671	11906	Quero, Jeferson	MLW	C	733.82	501	749		27		
672	12369	Lord, Brad	WAS	P	734.01	464	737		29		
673	11531	Grissom, Vaughn	LAA	2B	734.31	447	718		30		
674	10645	Urquidy, Jose	PIT	P	734.59	500	746		25		
675	8954	Conforto, Michael	CHC	OF	734.75	478	742		28		
676	10259	Gray, Josiah	WAS	P	734.99	507	746		30		
677	12521	Montgomery, Braden	CWS	OF	735.17	521	718		26		
678	11417	Ashcraft, Graham	CIN	P	735.42	479	743		30		
679	9524	Mateo, Jorge	ATL	SS	735.52	442	713		23		
680	10524	Akin, Keegan	BAL	P	735.65	469	735		25		
681	8947	Newcomb, Sean	CWS	P	735.90	523	732		26		
682	10408	Isbel, Kyle	KC	OF	735.92	516	750		28		
683	11965	Amador, Adael	COL	2B	736.66	356	737		26		
684	11820	Myers, Dane	CIN	OF	736.95	356	750		23		
685	10444	Moore, Dylan	TEX	2B, OF	737.05	454	750		27		
686	9819	Mikolas, Miles	WAS	P	737.08	446	747		23		
687	10234	Jackson, Jeremiah	BAL	OF	737.16	542	727		25		
688	12026	Birdsong, Hayden	SF	P	737.30	496	729		23		
689	9923	Barlow, Scott	ATH	P	737.32	425	746		25		
690	12517	McDougal, Tanner	CWS	P	737.55	506	747		26		
691	11370	Duran, Ezequiel	TEX	1B, SS	737.61	524	734		26		
692	10976	Irvin, Jake	WAS	P	737.92	490	749		22		
693	11876	Kerkering, Orion	PHI	P	737.99	542	741		29		
694	11043	Campusano, Luis	SD	UT	738.04	512	733		25		
695	8895	Garcia, Yimi	TOR	P	738.16	480	742		25		
696	10308	Sandoval, Patrick	BOS	P	738.26	526	741		25		
697	11792	Bradford, Cody	TEX	P	738.31	509	717		25		
698	11262	Pozo, Yohel	STL	C	738.75	440	729		20		
699	9698	Tauchman, Mike	CWS	OF	738.81	406	739		22		
700	12476	Culpepper, Kaelen	MIN	SS	739.06	495	748		20		
701	11920	Hernaiz, Darell	ATH	3B, SS	739.12	547	748		24		
702	12378	Fulford, Braxton	COL	C	739.49	521	743		23		
703	9519	Stanek, Ryne	STL	P	739.49	443	749		22		
704	11678	Matos, Luis	SF	OF	739.54	506	737		23		
705	8679	Smith, Dominic	SF	1B	739.58	426	749		19		
706	7736	Marte, Starling	KC	UT	739.62	435	744		22		
707	12210	Roden, Alan	MIN	OF	739.85	450	744		22		
708	11797	Monasterio, Andruw	BOS	SS	739.86	483	738		24		
709	11956	Whisenhunt, Carson	SF	P	740.02	508	742		23		
710	10485	France, Ty	TOR	1B	740.10	442	747		21		
711	12111	King, Bryan	HOU	P	740.31	385	716		18		
712	10165	Schmidt, Clarke	NYY	P	740.53	510	747		21		
713	8211	d'Arnaud, Travis	LAA	C	740.99	453	747		20		
714	11771	Kjerstad, Heston	BAL	OF	741.19	490	734		22		
715	12131	Hopkins, Brody	TB	P	741.27	527	747		20		
716	11890	Black, Tyler	MLW	1B	741.45	487	746		18		
717	12196	Smith, Hagen	CWS	P	741.64	496	738		16		
718	12487	Doyle, Liam	STL	P	741.67	487	747		14		
719	12637	Lombard Jr., George	NYY	SS	741.67	463	705		12		
720	11403	Jameson, Drey	ARZ	P	741.72	571	748		21		
721	12231	Freeland, Alex	LAD	3B	741.87	510	750		20		
722	12346	Walcott, Sebastian	TEX	SS	742.06	502	741		20		
723	9807	Yarbrough, Ryan	NYY	P	742.17	510	742		21		
724	7538	Flores, Wilmer	SF	1B	742.32	471	742		17		
725	12631	Antonacci, Sam	CWS	2B	742.39	485	732		16		
726	12034	Crim, Blaine	COL	1B	742.60	474	749		15		
727	9828	Wynns, Austin	ATH	C	742.81	453	749		21		
728	11779	Feduccia, Hunter	TB	C	742.84	537	746		15		
729	10821	White, Eli	ATL	OF	742.93	483	750		15		
730	12377	Williamson, Ben	TB	3B	743.04	516	745		18		
731	11156	Peraza, Oswald	LAA	3B	743.09	407	745		14		
732	10531	Rogers, Jake	DET	C	743.09	435	747		14		
733	12300	Osuna, Alejandro	TEX	OF	743.23	543	737		17		
734	11606	Mead, Curtis	CWS	1B, 3B	743.24	555	744		20		
735	9500	Rosario, Amed	NYY	3B	743.25	565	748		23		
736	10839	Encarnacion, Jerar	SF	OF	743.39	531	744		20		
737	12374	Tolbert, Tyler	KC	OF	743.41	291	727		8		
738	11855	Phillips, Connor	CIN	P	743.48	542	750		20		
739	12489	Ingle, Cooper	CLE	C	743.50	559	742		18		
740	9719	Fedde, Erick	CWS	P	743.59	549	729		14		
741	9876	Lopez, Pablo	MIN	P	743.75	63	446		3		
742	12009	Kolek, Stephen	KC	P	743.75	540	746		19		
743	8929	Refsnyder, Rob	SEA	OF	743.79	487	736		15		
744	11516	Massey, Michael	KC	2B	743.87	548	729		18		
745	10877	Williamson, Brandon	CIN	P	744.03	408	741		12		
746	8835	Hernandez, Enrique	LAD	1B, 3B, OF	744.32	562	714		13		
747	12445	Peguero, Joel	SF	P	744.43	519	746		19		
748	12503	Susac, Daniel	SF	C	744.63	418	749		13		
749	10406	Alcantara, Kevin	CHC	OF	744.64	573	743		13		
750	10167	Winn, Cole	TEX	P	744.74	560	740		15		
751	11400	Butto, Jose	SF	P	745.00	560	746		14		
752	11780	Chaparro, Andres	WAS	1B	745.01	503	746		15		
753	12486	Gibson, Trey	BAL	P	745.17	459	745		16		
754	12440	Gilbert, Drew	SF	OF	745.24	551	748		14		
755	11584	Rodriguez, Endy	PIT	1B	745.40	577	748		15		
756	9549	Garver, Mitch	SEA	C	745.41	525	736		14		
757	10445	Urias, Ramon	STL	2B, 3B	745.48	547	745		14		
758	10842	Lee, Dylan	ATL	P	745.49	584	750		17		
759	11145	Yorke, Nick	PIT	2B	745.50	468	740		13		
760	9880	Tellez, Rowdy	TEX	1B	745.54	439	747		7		
761	11459	Holton, Tyler	DET	P	745.69	517	730		8		
762	12536	Wenninger, Jack	NYM	P	745.85	549	746		14		
763	12639	White , Tommy	ATH	3B	745.89	358	732		6		
764	12273	Strowd, Kade	ARZ	P	745.90	521	738		8		
765	10691	Heineman, Tyler	TOR	C	745.92	523	746		11		
766	11489	Koenig, Jared	MLW	P	745.99	543	741		10		
767	12221	Agnos, Zach	COL	P	746.02	482	742		9		
768	11323	Velazquez, Nelson	KC	OF	746.06	428	701		7		
769	10499	Lawrence, Justin	PIT	P	746.13	614	749		18		
770	11379	Bautista, Felix	BAL	P	746.16	557	747		10		
771	11064	Marchan, Rafael	PHI	C	746.18	538	737		8		
772	10304	Jones, Nolan	CLE	OF	746.37	578	729		13		
773	9779	Kopech, Michael	LAD	P	746.45	582	742		16		
774	11587	Stone, Gavin	LAD	P	746.52	595	749		11		
775	10253	Miranda, Jose	MIN	3B	746.57	531	744		9		
776	12534	Ward, Braiden	COL	OF	746.59	459	695		6		
777	10230	Kelenic, Jarred	ATL	OF	746.81	50	748		6		
778	11547	Assad, Javier	CHC	P	746.85	561	739		10		
779	11148	Sugano, Tomoyuki	COL	P	746.89	476	749		8		
780	11863	Gipson-Long, Sawyer	DET	P	746.90	586	744		12		
781	12496	Rada, Nelson	LAA	OF	746.95	622	750		17		
782	10425	Palacios, Richie	TB	OF	746.96	585	742		14		
783	12475	Clifford, Ryan	NYM	1B	747.08	338	729		5		
784	10246	Wentz, Joey	ATL	P	747.10	501	747		7		
785	10683	Haggerty, Sam	TEX	OF	747.12	559	738		8		
786	10501	Herget, Jimmy	COL	P	747.17	450	726		5		
787	10223	Jones, Jahmai	DET	OF	747.20	526	723		7		
788	12499	Lambert, Ryan	NYM	P	747.21	503	701		5		
789	7150	Kershaw, Clayton	LAD	P	747.30	167	551		2		
790	12495	Bolte, Henry	ATH	OF	747.31	534	729		8		
791	8272	Corbin, Patrick	TEX	P	747.35	545	740		5		
792	11080	Toglia, Michael	COL	1B	747.42	517	729		6		
793	11987	Miller, Erik	SF	P	747.43	491	750		7		
794	10781	Espinal, Santiago	CIN	3B	747.50	575	732		7		
795	12167	Sabrowski, Erik	CLE	P	747.51	516	745		8		
796	6696	McCutchen, Andrew	PIT	UT	747.51	531	743		7		
797	9782	Jimenez, Eloy	BAL	UT	747.55	567	744		8		
798	9965	McKenzie, Triston	CLE	P	747.55	507	742		6		
799	12498	Johnson, Ty	TB	P	747.57	581	746		11		
800	9210	Clevinger, Mike	CWS	P	747.66	279	749		3		
801	12005	Drohan, Shane	MLW	P	747.67	496	731		7		
802	11313	Lee, Korey	CWS	C	747.73	561	736		7		
803	12640	Honeycutt, Vance	BAL	OF	747.73	390	419		2		
804	12144	Del Castillo, Adrian	ARZ	UT	747.90	582	745		10		
805	12506	De Paula, Josue	LAD	OF	747.99	526	749		7		
806	8919	Pham, Tommy	PIT	OF	748.01	528	714		6		
807	11605	Tiedemann, Ricky	TOR	P	748.06	515	749		7		
808	11975	Mejia, Juan	COL	P	748.08	567	747		8		
809	10857	Allen, Nick	HOU	SS	748.19	496	748		7		
810	10903	Sousa, Bennett	HOU	P	748.24	559	734		4		
811	10926	Espino, Daniel	CLE	P	748.27	528	749		7		
812	9897	Loaisiga, Jonathan	NYY	P	748.30	555	750		10		
813	11651	Bernabel, Warming	COL	1B	748.32	514	708		4		
814	11902	Festa, David	MIN	P	748.38	639	738		13		
815	12008	Slaten, Justin	BOS	P	748.43	406	749		5		
816	12427	Cortes, Carlos	ATH	OF	748.44	515	707		5		
817	12501	Rodriguez, Jesus	SF	C	748.54	621	744		9		
818	8716	Jackson, Luke	SEA	P	748.60	484	661		3		
819	12392	Tidwell, Blade	SF	P	748.63	495	748		8		
820	12280	Dobbins, Hunter	STL	P	748.65	589	724		6		
821	9646	Montgomery, Jordan	TEX	P	748.70	557	744		7		
822	11776	Fermin, Jose	STL	2B	748.76	599	750		9		
823	12030	Rodriguez, Hector	CIN	OF	748.76	575	735		4		
824	11113	Hinds, Rece	CIN	OF	748.79	347	741		4		
825	11205	Bender, Anthony	MIA	P	748.92	592	748		8		
826	9107	Anderson, Tyler	LAA	P	748.94	545	712		4		
827	11382	Noel, Jhonkensy	BAL	OF	748.94	391	674		2		
828	11988	Teng, Kai-Wei	HOU	P	748.95	546	714		4		
829	10979	Ibanez, Andy	ATH	3B	748.96	579	735		6		
830	12307	Ward, Ryan	LAD	OF	748.98	646	744		9		
831	11467	Cano, Yennier	BAL	P	749.03	394	723		3		
832	12523	Carrigg, Cole	COL	OF	749.03	573	685		3		
833	11468	Silseth, Chase	LAA	P	749.10	562	749		7		
834	12635	Sloan, Ryan	SEA	P	749.12	575	723		4		
835	12051	Wilken, Brock	MLW	3B	749.18	543	573		2		
836	12493	Pecko, Ethan	HOU	P	749.25	569	732		3		
837	12232	Prielipp, Connor	MIN	P	749.28	597	744		7		
838	10487	Sborz, Josh	TEX	P	749.28	425	712		2		
839	12348	Susana, Jarlin	WAS	P	749.33	593	691		3		
840	9894	Estrada, Thairo	COL	2B	749.35	622	746		8		
841	11683	Simpson, Josh	SEA	P	749.36	403	403		1		
842	11874	Fitzgerald, Tyler	SF	2B	749.37	513	739		5		
843	12045	Petty, Chase	CIN	P	749.42	598	734		6		
844	8452	Pressly, Ryan	CHC	P	749.44	576	596		2		
845	12323	Sykora, Travis	WAS	P	749.47	587	591		2		
846	12589	Lopez, Leandro	TEX	P	749.51	436	436		1		
847	12332	Morgan, Tre'	TB	1B	749.52	438	438		1		
848	10187	Hall, DL	MLW	P	749.55	657	745		7		
849	8736	Kahnle, Tommy	DET	P	749.58	477	724		2		
850	11796	Bachman, Sam	LAA	P	749.58	449	449		1		
851	10047	Smith, Drew	NYM	P	749.58	450	450		1		
852	11941	Bliss, Ryan	SEA	2B	749.59	669	714		5		
853	12636	Janek, Walker	HOU	C	749.60	455	455		1		
854	12538	Long, Jonathon	CHC	1B	749.61	511	696		2		
855	11172	Zerpa, Angel	MLW	P	749.61	576	750		5		
856	12611	Bremner, Tyler	FA	P	749.63	589	744		6		
857	10114	Taylor, Tyrone	NYM	OF	749.63	668	737		6		
858	9957	Hicks, Jordan	CWS	P	749.67	580	749		5		
859	8841	Hendricks, Kyle	LAA	P	749.67	594	625		2		
860	10380	Davis, Brennen	CHC	OF	749.70	607	724		4		
861	11620	McGarry, Griff	WAS	P	749.73	582	701		3		
862	8950	Arcia, Orlando	COL	2B, 3B, SS	749.73	598	705		3		
863	11569	Liberato, Luis	SD	OF	749.74	483	483		1		
864	11552	Little, Brendon	TOR	P	749.76	553	740		3		
865	11949	Salas, Ethan	SD	C	749.76	514	726		2		
866	12624	Arroyo, Michael	SEA	2B	749.76	513	727		2		
867	12629	Sirota, Mike	LAD	OF	749.78	541	702		2		
868	11646	Munoz, Roddery	HOU	P	749.79	495	495		1		
869	12122	Bigge, Hunter	TB	P	749.82	619	743		4		
870	6918	Morton, Charlie	ATL	P	749.82	501	501		1		
871	12548	Bidois, Brandan	PIT	P	749.83	575	680		2		
872	12123	Gordon, Tanner	COL	P	749.83	560	693		2		
873	12242	Escarra, J.C.	NYY	C	749.84	552	705		2		
874	10271	Wade Jr., LaMonte	LAA	OF, 1B	749.86	579	682		2		
875	10585	Weissert, Greg	BOS	P	749.90	517	517		1		
876	11812	Hudson, Bryan	NYM	P	749.91	519	519		1		
877	8756	Treinen, Blake	LAD	P	749.92	579	743		3		
878	12595	Troy, Tommy	ARZ	2B	749.95	544	735		2		
879	12457	Harris, Hayden	ATL	P	749.96	531	531		1		
880	8963	Jackson, Alex	MIN	C	749.96	544	738		2		
881	11062	Lange, Alex	KC	P	749.98	560	745		3		
882	12537	Gonzalez, Gabriel	MIN	OF	749.99	570	740		3		
883	12514	Valdez, Esmerlyn	PIT	OF	750.00	595	696		2		
884	12370	Koss, Christian	SF	2B	750.00	635	750		5		
885	11856	Saalfrank, Andrew	ARZ	P	750.00	593	729		3		
886	9329	Edwards Jr., Carl	TEX	P	750.00	538	538		1		
887	11773	Brito, Juan	CLE	2B	750.00	600	747		3		
888	12642	Cauley, Cameron	TEX	SS	750.01	595	745		3		
889	12275	Halpin, Petey	CLE	OF	750.01	589	703		2		
890	12353	Lee, Hao-Yu	DET	3B	750.01	541	541		1		
891	12512	Bratt, Mitch	ARZ	P	750.02	654	727		4		
892	11615	De Los Santos, Deyvison	MIA	1B	750.05	564	737		2		
893	8645	Johnson, Pierce	CIN	P	750.06	593	709		2		
894	8294	Solano, Donovan	TEX	1B	750.08	555	555		1		
895	12505	Arnold, Jamie	ATH	P	750.08	556	556		1		
896	12296	Dreyer, Jack	LAD	P	750.09	671	711		3		
897	12551	Urena, Walbert	LAA	P	750.10	587	738		3		
898	9153	Diaz, Elias	SD	C	750.11	617	697		2		
899	12354	Pratt, Cooper	MLW	SS	750.13	599	719		2		
900	10293	Melendez, MJ	NYM	OF	750.14	655	718		3		
901	10608	Helman, Michael	TEX	OF	750.15	570	570		1		
902	12048	Hill, Jaden	COL	P	750.16	573	573		1		
903	11427	Schuemann, Max	NYY	2B, 3B, SS	750.16	685	739		5		
904	10574	Alexander, Jason	HOU	P	750.16	572	572		1		
905	10109	Straw, Myles	TOR	OF	750.16	634	741		3		
906	12643	Bonemer, Caleb	CWS	SS	750.17	632	695		2		
907	11658	Ramos, Bryan	BAL	3B	750.17	574	574		1		
908	11904	Vasil, Mike	CWS	P	750.18	664	665		2		
909	11578	Brennan, Will	SF	OF	750.19	651	679		2		
910	12519	Crow, Coleman	MLW	P	750.20	633	739		3		
911	12140	Bachar, Lake	MIA	P	750.23	587	587		1		
912	8494	Thielbar, Caleb	CHC	P	750.25	593	593		1		
913	12563	Watson, Kahlil	CLE	OF	750.25	593	593		1		
914	11888	Black, Mason	KC	P	750.25	593	593		1		
915	12155	Sweeney, Trey	DET	SS	750.25	591	591		1		
916	7760	Kimbrel, Craig	HOU	P	750.26	595	595		1		
917	12621	Davidson, Bo	SF	OF	750.26	594	594		1		
918	12522	Perez, Junior	ATH	OF	750.26	595	595		1		
919	11165	Bazardo, Eduard	SEA	P	750.26	680	725		3		
920	9172	Kepler, Max	PHI	OF	750.28	599	599		1		
921	10470	Suarez, Jose	ATL	P	750.28	598	598		1		
922	7791	Perez, Martin	CWS	P	750.28	703	744		5		
923	11515	Eaton, Nate	BOS	OF	750.29	663	689		2		
924	12600	Paez, Jedixson	CWS	P	750.31	605	605		1		
925	9264	Candelario, Jeimer	LAA	3B	750.34	693	745		4		
926	12394	Fisher, Braydon	TOR	P	750.35	663	701		2		
927	12145	Dezenzo, Zach	HOU	OF	750.37	653	715		2		
928	9525	Enns, Dietrich	BAL	P	750.40	623	623		1		
929	12171	Dana, Caden	LAA	P	750.40	707	740		5		
930	7867	Iglesias, Jose	SD	SS, 2B, 3B	750.43	631	631		1		
931	9578	Blackburn, Paul	NYY	P	750.44	672	712		2		
932	12542	Velazquez , Ralphy	CLE	1B	750.45	689	739		3		
933	12269	Hoglund, Gunnar	ATH	P	750.47	638	638		1		
934	11847	Wicks, Jordan	CHC	P	750.47	668	722		2		
935	9934	Cortes, Nestor	SD	P	750.50	646	646		1		
936	11073	Miller, Bobby	LAD	P	750.50	645	645		1		
937	12033	Hence, Tink	STL	P	750.50	688	707		2		
938	12368	Johnson, Ryan	LAA	P	750.51	715	733		4		
939	9734	Minter, A.J.	NYM	P	750.52	706	748		4		
940	10190	Carlson, Dylan	BAL	OF	750.53	659	743		2		
941	11058	Knack, Landon	LAD	P	750.55	655	655		1		
942	11582	Mervis, Matt	WAS	1B	750.55	655	655		1		
943	11617	Malloy, Justyn-Henry	TB	OF	750.56	658	658		1		
944	11850	Funderburk, Kody	MIN	P	750.57	711	734		3		
945	10670	Rojas, Josh	CWS	2B, 3B	750.58	663	663		1		
946	12500	Davalillo, David	TEX	P	750.58	692	720		2		
947	10247	Rodriguez, Johnathan	CLE	OF	750.58	685	729		2		
948	11970	Parker, Mitchell	WAS	P	750.58	706	730		3		
949	12511	Anderson, Max	DET	2B	750.59	712	745		4		
950	12049	Locklear, Tyler	ARZ	1B	750.59	714	748		4		
951	12141	Hurter, Brant	DET	P	750.59	665	665		1		
952	11929	Jung, Jace	DET	3B	750.60	667	667		1		
953	10734	Phillips, Tyler	MIA	P	750.61	672	747		2		
954	11680	Winn, Keaton	SF	P	750.61	691	750		3		
955	12173	Lockridge, Brandon	MLW	OF	750.62	723	749		4		
956	11916	Rodriguez, Yariel	TOR	P	750.63	713	745		3		
957	12304	Montes, Lazaro 	SEA	OF	750.63	673	673		1		
958	10197	Pereira, Everson	CWS	OF	750.64	699	726		2		
959	12528	Torres, Bryan	STL	OF	750.64	699	727		2		
960	11784	Scholtens, Jesse	TB	P	750.65	677	677		1		
961	12518	Alderman, Kemp	MIA	OF	750.65	686	741		2		
962	12585	Gray, Peyton	TEX	P	750.67	680	680		1		
963	11383	Tena, Jose	WAS	3B	750.67	693	750		3		
964	12164	Zeferjahn, Ryan	LAA	P	750.68	721	739		3		
965	12638	Gastelum, Luis	STL	P	750.68	684	684		1		
966	12497	Reimer, Jacob	NYM	3B	750.69	686	686		1		
967	10661	Clase, Emmanuel	CLE	P	750.72	692	692		1		
968	12178	Teodosio, Bryce	LAA	OF	750.73	712	745		3		
969	11282	Feltner, Ryan	COL	P	750.73	725	748		4		
970	12290	Acosta, Maximo	MIA	3B	750.74	695	695		1		
971	12410	Granillo, Andre	WAS	P	750.75	706	742		2		
972	10420	Martinez, Orelvis	TOR	2B	750.75	698	698		1		
973	11090	Paris, Kyren	LAA	OF	750.76	701	701		1		
974	11984	Perales, Luis	WAS	P	750.76	720	748		4		
975	12186	Henriquez, Edgardo	LAD	P	750.77	702	702		1		
976	11166	Santos, Gregory	SEA	P	750.79	716	741		2		
977	12462	Guzman, Denzer	LAA	SS	750.79	706	706		1		
978	9980	Hill, Tim	NYY	P	750.79	706	706		1		
979	12225	Yoho, Craig	MLW	P	750.80	709	709		1		
980	12106	Bivens, Spencer	SF	P	750.82	712	712		1		
981	12121	Orze, Eric	MIN	P	750.83	731	734		2		
982	8773	Grichuk, Randal	KC	OF	750.83	715	715		1		
983	9937	Fernandez, Julian	WAS	P	750.84	725	744		2		
984	12474	Isaac, Xavier	TB	UT	750.84	717	717		1		
985	12607	Baumler, Carter	TEX	P	750.84	727	742		2		
986	12620	Duno, Alfredo	CIN	C	750.85	719	719		1		
987	9974	Kelly, Michael	ATH	P	750.85	719	719		1		
988	12129	Alvarez Jr., Nacho	ATL	3B	750.85	719	719		1		
989	12525	Stephen, Khal	CLE	P	750.86	721	721		1		
990	11896	Thorpe, Drew	CWS	P	750.87	724	724		1		
991	11406	Wiemer, Joey	WAS	OF	750.87	723	723		1		
992	10520	Call, Alex	LAD	OF	750.87	726	749		2		
993	12139	Misner, Kameron	KC	OF	750.88	726	726		1		
994	12277	Avila, Luinder	KC	P	750.88	726	726		1		
995	11967	Kochanowicz, Jack	LAA	P	750.89	732	747		2		
996	11928	Matsui, Yuki	SD	P	750.90	730	730		1		
997	10280	Medina, Luis	ATH	P	750.90	729	729		1		
998	12380	Morillo, Juan	ARZ	P	750.91	741	742		2		
999	11719	Perkins, Blake	MLW	OF	750.91	735	748		2		
1000	12520	Franklin, Christian	WAS	OF	750.91	731	731		1		
1001	11380	Gillaspie, Logan	SD	P	750.93	737	737		1		
1002	9757	Verdugo, Alex	ATL	OF	750.93	736	736		1		
1003	12645	Ewing, AJ	NYM	OF	750.94	739	739		1		
1004	10360	Franco, Wander	TB	UT	750.95	741	741		1		
1005	9938	Kinley, Tyler	ATL	P	750.95	741	741		1		
1006	12187	Gusto, Ryan	MIA	P	750.96	742	742		1		
1007	12455	Farris, Mitch	LAA	P	750.96	743	743		1		
1008	12494	Bernal, Leonardo	STL	C	750.96	743	743		1		
1009	11270	Criswell, Cooper	SEA	P	750.97	745	745		1		
1010	8431	Hedges, Austin	CLE	C	750.97	745	745		1		
1011	10135	Knizner, Andrew	SEA	C	750.97	744	744		1		
1012	9290	Okert, Steven	HOU	P	750.98	746	746		1		
1013	9217	Fulmer, Michael	CHC	P	750.98	747	747		1		
1014	10274	Taveras, Leody	BAL	OF	750.99	748	748		1		
1015	12206	Maxwell, Zach	CIN	P	750.99	748	748		1		
1016	12213	Bradfield, Enrique	BAL	OF	750.99	748	748		1		
1017	12488	Briceno, Josue	DET	C	750.99	749	749		1		
1018	11980	Hodge, Porter	CHC	P	751.00	750	750		1		
1019	11493	Bird, Jake	NYY	P	751.00	750	750		1		
1020	10604	Mattson, Isaac	PIT	P	751.00	750	750		1		
