team,player_name,section,fg_id,mlb_id
angels,Adam Frazier,Projected Bench,15223,624428
angels,Alek Manoah,Projected Starting Rotation,26410,666201
angels,Brent Suter,Projected Bullpen,13942,608718
angels,Bryce Teodosio,Projected Bench,29524,669326
angels,Chase Silseth,Projected Bullpen,30074,681217
angels,Christian Moore,Starting Lineup,34979,695681
angels,Drew Pomeranz,Projected Bullpen,11426,519141
angels,Grayson Rodriguez,Projected Starting Rotation,24492,680570
angels,Jo Adell,Starting Lineup,20220,666176
angels,Jordan Romano,Projected Bullpen,16122,605447
angels,Jorge Soler,Starting Lineup,14221,624585
angels,José Soriano,Projected Starting Rotation,22100,667755
angels,Josh Lowe,Starting Lineup,19953,666139
angels,Kirby Yates,Projected Bullpen,9073,489446
angels,Logan O'Hoppe,Starting Lineup,24729,681351
angels,Mike Trout,Starting Lineup,10155,545361
angels,Nolan Schanuel,Starting Lineup,33189,694384
angels,Oswald Peraza,Projected Bench,22823,672724
angels,Reid Detmers,Projected Starting Rotation,27468,672282
angels,Robert Stephenson,Projected Bullpen,13594,596112
angels,Ryan Zeferjahn,Projected Bullpen,25420,666171
angels,Sam Bachman,Projected Bullpen,29754,696147
angels,Travis d'Arnaud,Projected Bench,7739,518595
angels,Yoán Moncada,Starting Lineup,17232,660162
angels,Yusei Kikuchi,Projected Starting Rotation,20633,579328
angels,Zach Neto,Starting Lineup,31347,687263
astros,Bennett Sousa,Projected Bullpen,21345,656986
astros,Brice Matthews,Projected Bench,33280,694728
astros,Bryan Abreu,Projected Bullpen,16609,650556
astros,Bryan King,Projected Bullpen,25890,687911
astros,Cam Smith,Projected Bench,35108,701358
astros,Carlos Correa,Starting Lineup,14162,621043
astros,César Salazar,Projected Bench,21587,
astros,Christian Walker,Starting Lineup,13419,572233
astros,Cristian Javier,Projected Starting Rotation,17606,664299
astros,Enyel De Los Santos,Projected Bullpen,18403,660853
astros,Hunter Brown,Projected Starting Rotation,25880,686613
astros,Isaac Paredes,Starting Lineup,20036,670623
astros,Jake Meyers,Starting Lineup,20308,676694
astros,Jayden Murray,Projected Bullpen,26482,
astros,Joey Loperfido,Starting Lineup,29630,694388
astros,Jose Altuve,Starting Lineup,5417,514888
astros,Lance McCullers Jr.,Projected Starting Rotation,14120,621121
astros,Mike Burrows,Projected Starting Rotation,24728,681347
astros,Nick Allen,Projected Bench,22277,669397
astros,Roddery Muñoz,Projected Bullpen,25311,682610
astros,Ryan Weiss,Projected Starting Rotation,sa3007778,680802
astros,Steven Okert,Projected Bullpen,13580,595345
astros,Tatsuya Imai,Projected Starting Rotation,sa3062955,837227
astros,Yainer Diaz,Starting Lineup,23003,673237
astros,Yordan Alvarez,Starting Lineup,19556,670541
astros,Zach Cole,Starting Lineup,31583,805904
athletics,Aaron Civale,Projected Starting Rotation,19479,650644
athletics,Andy Ibáñez,Projected Bench,18819,628451
athletics,Austin Wynns,Projected Bench,15271,642851
athletics,Brent Rooker,Starting Lineup,19627,667670
athletics,Carlos Cortes,Projected Bench,21842,666126
athletics,Colby Thomas,Projected Bench,31855,687515
athletics,Denzel Clarke,Starting Lineup,29858,672016
athletics,Elvis Alvarado,Projected Bullpen,21662,665660
athletics,Hogan Harris,Projected Bullpen,21520,663687
athletics,Jacob Lopez,Projected Starting Rotation,25098,682052
athletics,Jacob Wilson,Starting Lineup,33266,805779
athletics,Jeff McNeil,Starting Lineup,15362,643446
athletics,Jeffrey Springs,Projected Starting Rotation,17677,605488
athletics,Justin Sterner,Projected Bullpen,27694,686993
athletics,Lawrence Butler,Starting Lineup,22542,671732
athletics,Luis Medina,Projected Bullpen,21649,665622
athletics,Luis Morales,Projected Starting Rotation,32227,806960
athletics,Luis Severino,Projected Starting Rotation,15890,622663
athletics,Mark Leiter Jr.,Projected Bullpen,15551,643410
athletics,Max Muncy,Starting Lineup,29779,691777
athletics,Michael Kelly,Projected Bullpen,12791,547184
athletics,Nick Kurtz,Starting Lineup,35110,701762
athletics,Scott Barlow,Projected Bullpen,14993,605130
athletics,Shea Langeliers,Starting Lineup,25816,669127
athletics,Tyler Ferguson,Projected Bullpen,19481,621053
athletics,Tyler Soderstrom,Starting Lineup,27467,691016
blue-jays,Addison Barger,Starting Lineup,24598,680718
blue-jays,Alejandro Kirk,Starting Lineup,22581,672386
blue-jays,Andrés Giménez,Starting Lineup,19950,665926
blue-jays,Braydon Fisher,Projected Bullpen,24609,680755
blue-jays,Brendon Little,Projected Bullpen,21574,663893
blue-jays,Cody Ponce,Projected Starting Rotation,17920,664074
blue-jays,Daulton Varsho,Starting Lineup,19918,662139
blue-jays,Davis Schneider,Projected Bench,23565,676914
blue-jays,Dylan Cease,Projected Starting Rotation,18525,656302
blue-jays,Eric Lauer,Projected Bullpen,19316,641778
blue-jays,Ernie Clement,Starting Lineup,20352,676391
blue-jays,George Springer,Starting Lineup,12856,543807
blue-jays,Jeff Hoffman,Projected Bullpen,17432,656546
blue-jays,Jesús Sánchez,Starting Lineup,19913,660821
blue-jays,José Berríos,Projected Starting Rotation,14168,621244
blue-jays,Kazuma Okamoto,Starting Lineup,sa3063134,672960
blue-jays,Kevin Gausman,Projected Starting Rotation,14107,592332
blue-jays,Louis Varland,Projected Bullpen,27691,686973
blue-jays,Max Scherzer,Projected Starting Rotation,3137,453286
blue-jays,Myles Straw,Projected Bench,17620,664702
blue-jays,Nathan Lukes,Projected Bench,18123,664770
blue-jays,Tommy Nance,Projected Bullpen,19178,667297
blue-jays,Trey Yesavage,Projected Starting Rotation,35456,702056
blue-jays,Tyler Heineman,Projected Bench,13897,623168
blue-jays,Tyler Rogers,Projected Bullpen,15541,643511
blue-jays,Vladimir Guerrero Jr.,Starting Lineup,19611,665489
braves,Aaron Bummer,Projected Bullpen,16258,607481
braves,Austin Riley,Starting Lineup,18360,663586
braves,Brett Wisely,Projected Bench,27735,689172
braves,Bryce Elder,Projected Starting Rotation,27779,693821
braves,Chris Sale,Projected Starting Rotation,10603,519242
braves,Dominic Smith,Starting Lineup,15653,642086
braves,Drake Baldwin,Starting Lineup,31539,686948
braves,Dylan Lee,Projected Bullpen,19996,669276
braves,Eli White,Projected Bench,19346,642201
braves,Grant Holmes,Projected Starting Rotation,16944,656550
braves,Hayden Harris,Projected Bullpen,31913,
braves,Joel Payamps,Projected Bullpen,14332,606303
braves,Jonah Heim,Projected Bench,16930,641680
braves,Jorge Mateo,Projected Bench,17273,622761
braves,José Suarez,Projected Bullpen,19911,660761
braves,Matt Olson,Starting Lineup,14344,621566
braves,Mauricio Dubón,Starting Lineup,16530,643289
braves,Michael Harris II,Starting Lineup,25931,671739
braves,Mike Yastrzemski,Starting Lineup,14854,573262
braves,Ozzie Albies,Starting Lineup,16556,645277
braves,Raisel Iglesias,Projected Bullpen,17130,628452
braves,Reynaldo López,Projected Starting Rotation,16400,625643
braves,Robert Suarez,Projected Bullpen,30115,663158
braves,Ronald Acuña Jr.,Starting Lineup,18401,660670
braves,Spencer Strider,Projected Starting Rotation,27498,675911
braves,Tyler Kinley,Projected Bullpen,18297,641755
brewers,Aaron Ashby,Projected Bullpen,23550,676879
brewers,Abner Uribe,Projected Bullpen,25327,682842
brewers,Andrew Vaughn,Starting Lineup,26197,683734
brewers,Angel Zerpa,Projected Bullpen,22717,672582
brewers,Blake Perkins,Projected Bench,19921,663368
brewers,Brandon Sproat,Projected Starting Rotation,33850,687075
brewers,Brandon Woodruff,Projected Starting Rotation,16162,605540
brewers,Brice Turang,Starting Lineup,22186,668930
brewers,Chad Patrick,Projected Starting Rotation,30113,694477
brewers,Christian Yelich,Starting Lineup,11477,592885
brewers,David Hamilton,Projected Bench,27531,666152
brewers,DL Hall,Projected Bullpen,22207,669084
brewers,Garrett Mitchell,Starting Lineup,27555,669003
brewers,Gary Sánchez,Projected Bench,11442,596142
brewers,Grant Anderson,Projected Bullpen,20546,681982
brewers,Jackson Chourio,Starting Lineup,28806,694192
brewers,Jacob Misiorowski,Projected Starting Rotation,31623,694819
brewers,Jake Bauers,Projected Bench,15194,641343
brewers,Jared Koenig,Projected Bullpen,27517,657649
brewers,Joey Ortiz,Starting Lineup,25493,687401
brewers,Kyle Harrison,Projected Starting Rotation,27758,690986
brewers,Luis Rengifo,Starting Lineup,19858,650859
brewers,Rob Zastryzny,Projected Bullpen,15094,
brewers,Sal Frelick,Starting Lineup,29622,686217
brewers,Trevor Megill,Projected Bullpen,17722,656730
brewers,William Contreras,Starting Lineup,20503,661388
cardinals,Alec Burleson,Starting Lineup,27615,676475
cardinals,Andre Pallante,Projected Starting Rotation,26108,669467
cardinals,Dustin May,Projected Starting Rotation,19716,669160
cardinals,George Soriano,Projected Bullpen,21863,666277
cardinals,Gordon Graceffo,Projected Bullpen,29519,700669
cardinals,Iván Herrera,Starting Lineup,20599,671056
cardinals,JJ Wetherholt,Starting Lineup,sa3025154,802139
cardinals,JoJo Romero,Projected Bullpen,19574,668941
cardinals,Jordan Walker,Starting Lineup,27475,691023
cardinals,José Fermín,Projected Bench,21746,665877
cardinals,Justin Bruihl,Projected Bullpen,23779,
cardinals,Kyle Leahy,Projected Starting Rotation,24763,681517
cardinals,Masyn Winn,Starting Lineup,27479,691026
cardinals,Matt Pushard,Projected Bullpen,sa3019955,
cardinals,Matt Svanson,Projected Bullpen,29629,694335
cardinals,Matthew Liberatore,Projected Starting Rotation,22294,669461
cardinals,Michael McGreevy,Projected Starting Rotation,29869,700241
cardinals,Nathan Church,Starting Lineup,31357,701675
cardinals,Nolan Gorman,Starting Lineup,22263,669357
cardinals,Pedro Pagés,Starting Lineup,25782,686780
cardinals,Ramón Urías,Projected Bench,18795,602104
cardinals,Riley O'Brien,Projected Bullpen,20348,676617
cardinals,Ryne Stanek,Projected Bullpen,15947,592773
cardinals,Thomas Saggese,Projected Bench,27883,695336
cardinals,Victor Scott II,Starting Lineup,31349,687363
cardinals,Yohel Pozo,Projected Bench,18848,650968
cubs,Alex Bregman,Starting Lineup,17678,608324
cubs,Cade Horton,Projected Starting Rotation,31872,690990
cubs,Caleb Thielbar,Projected Bullpen,10078,573204
cubs,Carson Kelly,Starting Lineup,13620,608348
cubs,Chas McCormick,Projected Bench,19599,676801
cubs,Colin Rea,Projected Bullpen,12317,607067
cubs,Daniel Palencia,Projected Bullpen,27914,694037
cubs,Dansby Swanson,Starting Lineup,18314,621020
cubs,Edward Cabrera,Projected Starting Rotation,21690,665795
cubs,Hoby Milner,Projected Bullpen,13346,571948
cubs,Hunter Harvey,Projected Bullpen,15507,640451
cubs,Ian Happ,Starting Lineup,17919,664023
cubs,Jacob Webb,Projected Bullpen,19274,657097
cubs,Jameson Taillon,Projected Starting Rotation,11674,592791
cubs,Javier Assad,Projected Bullpen,21741,665871
cubs,Matt Shaw,Projected Bench,33322,807713
cubs,Matthew Boyd,Projected Starting Rotation,15440,571510
cubs,Michael Busch,Starting Lineup,26319,683737
cubs,Michael Conforto,Projected Bench,16376,624424
cubs,Miguel Amaya,Projected Bench,21693,665804
cubs,Moisés Ballesteros,Starting Lineup,28820,694208
cubs,Nico Hoerner,Starting Lineup,21479,663538
cubs,Pete Crow-Armstrong,Starting Lineup,27769,691718
cubs,Phil Maton,Projected Bullpen,18064,664208
cubs,Seiya Suzuki,Starting Lineup,30116,673548
cubs,Shota Imanaga,Projected Starting Rotation,33829,684007
diamondbacks,Alek Thomas,Starting Lineup,23792,677950
diamondbacks,Brandon Pfaadt,Projected Starting Rotation,27782,694297
diamondbacks,Brandyn Garcia,Projected Bullpen,33568,
diamondbacks,Carlos Santana,Starting Lineup,2396,467793
diamondbacks,Corbin Carroll,Starting Lineup,25878,682998
diamondbacks,Drey Jameson,Projected Bullpen,26260,686753
diamondbacks,Eduardo Rodriguez,Projected Starting Rotation,13164,593958
diamondbacks,Gabriel Moreno,Starting Lineup,22664,672515
diamondbacks,Geraldo Perdomo,Starting Lineup,22799,672695
diamondbacks,Ildemaro Vargas,Projected Bench,13324,545121
diamondbacks,James McCann,Projected Bench,12859,543510
diamondbacks,Jonathan Loáisiga,Projected Bullpen,19753,642528
diamondbacks,Jordan Lawlar,Starting Lineup,29976,691783
diamondbacks,Jorge Barrosa,Projected Bench,23968,
diamondbacks,Kade Strowd,Projected Bullpen,26191,669704
diamondbacks,Ketel Marte,Starting Lineup,13613,606466
diamondbacks,Kevin Ginkel,Projected Bullpen,19876,656464
diamondbacks,Michael Soroka,Projected Starting Rotation,18383,647336
diamondbacks,Nolan Arenado,Starting Lineup,9777,571448
diamondbacks,Paul Sewald,Projected Bullpen,13892,623149
diamondbacks,Pavin Smith,Starting Lineup,19892,656976
diamondbacks,Ryan Thompson,Projected Bullpen,16647,657044
diamondbacks,Ryne Nelson,Projected Starting Rotation,26253,669194
diamondbacks,Taylor Clarke,Projected Bullpen,17611,664199
diamondbacks,Tim Tawa,Projected Bench,29571,694374
diamondbacks,Zac Gallen,Projected Starting Rotation,19291,668678
dodgers,Alex Call,Projected Bench,19296,669743
dodgers,Alex Vesia,Projected Bullpen,25007,681911
dodgers,Andy Pages,Starting Lineup,24816,681624
dodgers,Ben Casparius,Projected Bullpen,30085,676508
dodgers,Blake Treinen,Projected Bullpen,12572,595014
dodgers,Dalton Rushing,Projected Bench,31382,687221
dodgers,Edgardo Henriquez,Projected Bullpen,26944,683618
dodgers,Edwin Díaz,Projected Bullpen,14710,621242
dodgers,Emmet Sheehan,Projected Starting Rotation,29839,686218
dodgers,Freddie Freeman,Starting Lineup,5361,518692
dodgers,Hyeseong Kim,Starting Lineup,35322,808975
dodgers,Jack Dreyer,Projected Bullpen,30249,676263
dodgers,Justin Wrobleski,Projected Bullpen,31204,680736
dodgers,Kyle Tucker,Starting Lineup,18345,663656
dodgers,Max Muncy,Starting Lineup,13301,571970
dodgers,Miguel Rojas,Projected Bench,7802,500743
dodgers,Mookie Betts,Starting Lineup,13611,605141
dodgers,Roki Sasaki,Projected Starting Rotation,35323,808963
dodgers,Santiago Espinal,Projected Bench,19997,669289
dodgers,Shohei Ohtani,Projected Starting Rotation,19755,660271
dodgers,Shohei Ohtani,Starting Lineup,19755,660271
dodgers,Tanner Scott,Projected Bullpen,17586,656945
dodgers,Teoscar Hernández,Starting Lineup,13066,606192
dodgers,Tyler Glasnow,Projected Starting Rotation,14374,607192
dodgers,Will Klein,Projected Bullpen,27787,
dodgers,Will Smith,Starting Lineup,19197,669257
dodgers,Yoshinobu Yamamoto,Projected Starting Rotation,33825,808967
giants,Adrian Houser,Projected Starting Rotation,12718,605288
giants,Bryce Eldridge,Starting Lineup,33390,805811
giants,Casey Schmitt,Projected Bench,27577,669477
giants,Daniel Susac,Projected Bench,sa3019997,691740
giants,Erik Miller,Projected Bullpen,26252,669062
giants,Gregory Santos,Projected Bullpen,21894,666619
giants,Harrison Bader,Starting Lineup,18030,664056
giants,Heliot Ramos,Starting Lineup,22515,671218
giants,Jerar Encarnacion,Projected Bench,21871,666464
giants,José Buttó,Projected Bullpen,23313,676130
giants,JT Brubaker,Projected Bullpen,17578,664141
giants,Jung Hoo Lee,Starting Lineup,33824,808982
giants,Landen Roupp,Projected Starting Rotation,30076,694738
giants,Logan Webb,Projected Starting Rotation,17995,657277
giants,Luis Arraez,Starting Lineup,18568,650333
giants,Luis Matos,Projected Bench,26467,682641
giants,Matt Chapman,Starting Lineup,16505,656305
giants,Matt Gage,Projected Bullpen,17381,657424
giants,Patrick Bailey,Starting Lineup,27478,672275
giants,Rafael Devers,Starting Lineup,17350,646240
giants,Robbie Ray,Projected Starting Rotation,11486,592662
giants,Ryan Walker,Projected Bullpen,20423,676254
giants,Spencer Bivens,Projected Bullpen,30226,702352
giants,Trevor McDonald,Projected Bullpen,26448,686790
giants,Tyler Mahle,Projected Starting Rotation,16358,641816
giants,Willy Adames,Starting Lineup,15986,642715
guardians,Angel Martínez,Projected Bench,26540,682657
guardians,Austin Hedges,Projected Bench,12976,595978
guardians,Bo Naylor,Starting Lineup,21865,666310
guardians,Brayan Rocchio,Starting Lineup,23690,677587
guardians,Cade Smith,Projected Bullpen,27867,671922
guardians,Chase DeLauter,Starting Lineup,32127,800050
guardians,Connor Brogdon,Projected Bullpen,21205,641401
guardians,David Fry,Projected Bench,24934,681807
guardians,Erik Sabrowski,Projected Bullpen,24978,681870
guardians,Gabriel Arias,Starting Lineup,22563,672356
guardians,Gavin Williams,Projected Starting Rotation,30122,668909
guardians,George Valera,Starting Lineup,22541,671655
guardians,Hunter Gaddis,Projected Bullpen,25636,683769
guardians,Joey Cantillo,Projected Starting Rotation,23335,676282
guardians,Johnathan Rodríguez,Projected Bench,22530,671286
guardians,José Ramírez,Starting Lineup,13510,608070
guardians,Kyle Manzardo,Starting Lineup,29794,700932
guardians,Logan Allen,Projected Starting Rotation,27589,671106
guardians,Matt Festa,Projected Bullpen,19330,670036
guardians,Peyton Pallette,Projected Bullpen,sa3020742,
guardians,Rhys Hoskins,Starting Lineup,16472,656555
guardians,Shawn Armstrong,Projected Bullpen,12857,542888
guardians,Slade Cecconi,Projected Starting Rotation,27500,677944
guardians,Steven Kwan,Starting Lineup,24610,680757
guardians,Tanner Bibee,Projected Starting Rotation,30134,676440
guardians,Tim Herrin,Projected Bullpen,25139,682120
mariners,Andrés Muñoz,Projected Bullpen,20373,662253
mariners,Andrew Knizner,Projected Bench,19514,668800
mariners,Brendan Donovan,Starting Lineup,24679,680977
mariners,Bryan Woo,Projected Starting Rotation,30279,693433
mariners,Bryce Miller,Projected Starting Rotation,29837,682243
mariners,Cal Raleigh,Starting Lineup,21534,663728
mariners,Carlos Vargas,Projected Bullpen,22915,
mariners,Casey Legumina,Projected Bullpen,25921,
mariners,Cole Young,Starting Lineup,31680,702284
mariners,Cooper Criswell,Projected Bullpen,24975,681867
mariners,Dominic Canzone,Starting Lineup,26438,686527
mariners,Eduard Bazardo,Projected Bullpen,20997,660825
mariners,Gabe Speier,Projected Bullpen,17170,642100
mariners,George Kirby,Projected Starting Rotation,25436,669923
mariners,J.P. Crawford,Starting Lineup,15491,641487
mariners,Jose A. Ferrer,Projected Bullpen,24017,678606
mariners,Josh Naylor,Starting Lineup,18839,647304
mariners,Julio Rodríguez,Starting Lineup,23697,677594
mariners,Leo Rivas,Projected Bench,21009,660844
mariners,Logan Gilbert,Projected Starting Rotation,22250,669302
mariners,Luis Castillo,Projected Starting Rotation,15689,622491
mariners,Luke Raley,Starting Lineup,19354,670042
mariners,Matt Brash,Projected Bullpen,25756,666374
mariners,Randy Arozarena,Starting Lineup,19290,668227
mariners,Rob Refsnyder,Projected Bench,13770,608701
mariners,Victor Robles,Projected Bench,18363,645302
marlins,Agustín Ramírez,Starting Lineup,26546,682663
marlins,Andrew Nardi,Projected Bullpen,25942,677053
marlins,Anthony Bender,Projected Bullpen,19742,669622
marlins,Braxton Garrett,Projected Starting Rotation,21844,666129
marlins,Cade Gibson,Projected Bullpen,31815,806188
marlins,Calvin Faucher,Projected Bullpen,20116,676534
marlins,Chris Paddack,Projected Starting Rotation,20099,663978
marlins,Christopher Morel,Starting Lineup,21897,666624
marlins,Connor Norby,Starting Lineup,29592,681393
marlins,Eury Pérez,Projected Starting Rotation,27768,691587
marlins,Graham Pauley,Projected Bench,31363,688363
marlins,Griffin Conine,Starting Lineup,21626,665052
marlins,Heriberto Hernández,Projected Bench,24878,681715
marlins,Jakob Marsee,Starting Lineup,31370,805300
marlins,Janson Junk,Projected Bullpen,23301,676083
marlins,Javier Sanoja,Projected Bench,28253,691594
marlins,John King,Projected Bullpen,22051,667463
marlins,Kyle Stowers,Starting Lineup,26151,669065
marlins,Liam Hicks,Projected Bench,29844,689414
marlins,Max Meyer,Projected Starting Rotation,27474,676974
marlins,Otto Lopez,Starting Lineup,19608,672640
marlins,Owen Caissie,Starting Lineup,27496,683357
marlins,Pete Fairbanks,Projected Bullpen,17998,664126
marlins,Sandy Alcantara,Projected Starting Rotation,18684,645261
marlins,Tyler Phillips,Projected Bullpen,20629,663969
marlins,Xavier Edwards,Starting Lineup,22266,669364
mets,Bo Bichette,Starting Lineup,19612,666182
mets,Brett Baty,Starting Lineup,26123,683146
mets,Brooks Raley,Projected Bullpen,10061,548384
mets,Bryan Hudson,Projected Bullpen,19924,663542
mets,Carson Benge,Starting Lineup,sa3025452,701807
mets,Clay Holmes,Projected Starting Rotation,13649,605280
mets,David Peterson,Projected Starting Rotation,20302,656849
mets,Devin Williams,Projected Bullpen,15816,642207
mets,Francisco Alvarez,Starting Lineup,26121,682626
mets,Francisco Lindor,Starting Lineup,12916,596019
mets,Freddy Peralta,Projected Starting Rotation,18679,642547
mets,Huascar Brazobán,Projected Bullpen,6107,623211
mets,Jorge Polanco,Starting Lineup,13152,593871
mets,Juan Soto,Starting Lineup,20123,665742
mets,Kodai Senga,Projected Starting Rotation,31838,673540
mets,Luis García,Projected Bullpen,6984,472610
mets,Luis Robert Jr.,Starting Lineup,20043,673357
mets,Luis Torrens,Projected Bench,15905,620443
mets,Luke Weaver,Projected Bullpen,16918,596133
mets,Marcus Semien,Starting Lineup,12533,543760
mets,Mark Vientos,Projected Bench,22184,668901
mets,Nolan McLean,Projected Starting Rotation,33703,690997
mets,Ronny Mauricio,Projected Bench,23698,677595
mets,Sean Manaea,Projected Starting Rotation,15873,640455
mets,Tobias Myers,Projected Bullpen,22191,668964
mets,Tyrone Taylor,Projected Bench,13675,621438
nationals,Andrés Chaparro,Projected Bench,21797,665953
nationals,Brad Lord,Projected Starting Rotation,31972,695418
nationals,Brady House,Starting Lineup,29993,691781
nationals,Cade Cavalli,Projected Starting Rotation,27473,676917
nationals,Cionel Pérez,Projected Bullpen,19614,672335
nationals,CJ Abrams,Starting Lineup,25768,682928
nationals,Clayton Beeter,Projected Bullpen,27494,690925
nationals,Cole Henry,Projected Bullpen,27570,669371
nationals,Daylen Lile,Starting Lineup,29995,695734
nationals,Drew Millas,Projected Bench,25643,686452
nationals,Dylan Crews,Starting Lineup,33541,686611
nationals,Foster Griffin,Projected Starting Rotation,16432,656492
nationals,Griff McGarry,Projected Bullpen,sa3017130,676046
nationals,Jackson Rutledge,Projected Bullpen,26215,671131
nationals,Jacob Young,Starting Lineup,29931,696285
nationals,Jake Irvin,Projected Starting Rotation,21504,663623
nationals,James Wood,Starting Lineup,29518,695578
nationals,Joey Wiemer,Projected Bench,27690,686894
nationals,José Tena,Projected Bench,23691,677588
nationals,Julian Fernández,Projected Bullpen,18341,642759
nationals,Keibert Ruiz,Starting Lineup,19610,660688
nationals,Luis García Jr.,Starting Lineup,20391,671277
nationals,Miles Mikolas,Projected Starting Rotation,9803,571945
nationals,Nasim Nuñez,Starting Lineup,25979,683083
nationals,PJ Poulin,Projected Bullpen,23394,676571
nationals,Richard Lovelady,Projected Bullpen,19337,663992
orioles,Adley Rutschman,Starting Lineup,26288,668939
orioles,Blaze Alexander,Starting Lineup,23789,677942
orioles,Chris Bassitt,Projected Starting Rotation,12304,605135
orioles,Coby Mayo,Starting Lineup,28312,691723
orioles,Colton Cowser,Starting Lineup,29591,681297
orioles,Dean Kremer,Projected Starting Rotation,19350,665152
orioles,Dietrich Enns,Projected Bullpen,13932,608650
orioles,Dylan Beavers,Starting Lineup,31695,687637
orioles,Grant Wolfram,Projected Bullpen,21623,
orioles,Gunnar Henderson,Starting Lineup,26289,683002
orioles,Jeremiah Jackson,Projected Bench,22239,669236
orioles,Keegan Akin,Projected Bullpen,19362,669211
orioles,Kyle Bradish,Projected Starting Rotation,24586,680694
orioles,Leody Taveras,Projected Bench,18900,665750
orioles,Pete Alonso,Starting Lineup,19251,624413
orioles,Rico Garcia,Projected Bullpen,20023,
orioles,Ryan Helsley,Projected Bullpen,18138,664854
orioles,Ryan Mountcastle,Projected Bench,18373,663624
orioles,Samuel Basallo,Starting Lineup,28824,694212
orioles,Shane Baz,Projected Starting Rotation,22264,669358
orioles,Taylor Ward,Starting Lineup,17548,621493
orioles,Trevor Rogers,Projected Starting Rotation,22286,669432
orioles,Tyler O'Neill,Projected Bench,15711,641933
orioles,Tyler Wells,Projected Bullpen,20000,669330
orioles,Yennier Cano,Projected Bullpen,25911,666974
orioles,Zach Eflin,Projected Starting Rotation,13774,621107
padres,Adrian Morejon,Projected Bullpen,20039,670970
padres,Bradgley Rodriguez,Projected Bullpen,29107,699134
padres,Bryce Johnson,Projected Bench,20002,669369
padres,David Morgan,Projected Bullpen,31616,688158
padres,Fernando Tatis Jr.,Starting Lineup,19709,665487
padres,Freddy Fermin,Starting Lineup,21840,666023
padres,Gavin Sheets,Starting Lineup,19901,657757
padres,Germán Márquez,Projected Starting Rotation,15038,608566
padres,Jackson Merrill,Starting Lineup,29490,701538
padres,Jake Cronenworth,Starting Lineup,18036,630105
padres,Jeremiah Estrada,Projected Bullpen,22210,669093
padres,Joe Musgrove,Projected Starting Rotation,12970,605397
padres,Luis Campusano,Projected Bench,22217,669134
padres,Manny Machado,Starting Lineup,11493,592518
padres,Mason Miller,Projected Bullpen,31757,695243
padres,Michael King,Projected Starting Rotation,19853,650633
padres,Miguel Andujar,Starting Lineup,15878,609280
padres,Nick Castellanos,Projected Bench,11737,592206
padres,Nick Pivetta,Projected Starting Rotation,15454,601713
padres,Ramón Laureano,Starting Lineup,17128,657656
padres,Randy Vásquez,Projected Starting Rotation,24719,681190
padres,Ron Marinaccio,Projected Bullpen,23488,676760
padres,Sung-Mun Song,Projected Bench,sa3012529,823550
padres,Wandy Peralta,Projected Bullpen,14295,593974
padres,Xander Bogaerts,Starting Lineup,12161,593428
padres,Yuki Matsui,Projected Bullpen,33826,673513
phillies,Aaron Nola,Projected Starting Rotation,16149,605400
phillies,Adolis García,Starting Lineup,19287,666969
phillies,Alec Bohm,Starting Lineup,21618,664761
phillies,Andrew Painter,Projected Starting Rotation,sa3017880,691725
phillies,Brad Keller,Projected Bullpen,15734,641745
phillies,Brandon Marsh,Starting Lineup,20202,669016
phillies,Bryce Harper,Starting Lineup,11579,547180
phillies,Bryson Stott,Starting Lineup,26294,681082
phillies,Cristopher Sánchez,Projected Starting Rotation,20778,650911
phillies,Dylan Moore,Projected Bench,18042,664238
phillies,Edmundo Sosa,Projected Bench,17022,624641
phillies,J.T. Realmuto,Starting Lineup,11739,592663
phillies,Jesús Luzardo,Projected Starting Rotation,19959,666200
phillies,Jhoan Duran,Projected Bullpen,21029,661395
phillies,Jonathan Bowlan,Projected Bullpen,24607,680742
phillies,José Alvarado,Projected Bullpen,17780,621237
phillies,Justin Crawford,Starting Lineup,sa3020240,702222
phillies,Kyle Backhus,Projected Bullpen,29615,679775
phillies,Kyle Schwarber,Starting Lineup,16478,656941
phillies,Orion Kerkering,Projected Bullpen,31776,689147
phillies,Otto Kemp,Projected Bench,31792,805249
phillies,Rafael Marchán,Projected Bench,21646,665561
phillies,Taijuan Walker,Projected Starting Rotation,11836,592836
phillies,Tanner Banks,Projected Bullpen,16990,621383
phillies,Trea Turner,Starting Lineup,16252,607208
phillies,Zach McCambley,Projected Bullpen,sa3014478,
pirates,Brandon Lowe,Starting Lineup,18882,664040
pirates,Braxton Ashcraft,Projected Starting Rotation,23793,677952
pirates,Bryan Reynolds,Starting Lineup,19326,668804
pirates,Bubba Chandler,Projected Starting Rotation,29868,696149
pirates,Carmen Mlodzinski,Projected Bullpen,27572,669387
pirates,Dennis Santana,Projected Bullpen,17878,642701
pirates,Evan Sisk,Projected Bullpen,24995,
pirates,Gregory Soto,Projected Bullpen,19677,642397
pirates,Henry Davis,Projected Bench,29617,680779
pirates,Isaac Mattson,Projected Bullpen,20385,676755
pirates,Jake Mangum,Projected Bench,26202,663968
pirates,Jared Triolo,Starting Lineup,25807,669707
pirates,Jhostynxon Garcia,Projected Bench,28142,691373
pirates,Joey Bart,Starting Lineup,21524,663698
pirates,José Urquidy,Projected Starting Rotation,18413,664353
pirates,Justin Lawrence,Projected Bullpen,17639,664875
pirates,Marcell Ozuna,Starting Lineup,10324,542303
pirates,Mason Montgomery,Projected Bullpen,29770,682254
pirates,Mitch Keller,Projected Starting Rotation,17594,656605
pirates,Nick Gonzales,Starting Lineup,27490,693304
pirates,Nick Yorke,Projected Bench,27504,694377
pirates,Oneil Cruz,Starting Lineup,21711,665833
pirates,Paul Skenes,Projected Starting Rotation,33677,694973
pirates,Ryan O'Hearn,Starting Lineup,16442,656811
pirates,Spencer Horwitz,Starting Lineup,26477,687462
pirates,Yohan Ramírez,Projected Bullpen,19444,670990
rangers,Andrew McCutchen,Projected Bench,9847,457705
rangers,Brandon Nimmo,Starting Lineup,12927,607043
rangers,Carter Baumler,Projected Bullpen,sa3014480,
rangers,Chris Martin,Projected Bullpen,11847,455119
rangers,Cole Winn,Projected Bullpen,22113,668390
rangers,Corey Seager,Starting Lineup,13624,608369
rangers,Danny Jansen,Starting Lineup,16535,643376
rangers,Evan Carter,Starting Lineup,27790,694497
rangers,Ezequiel Duran,Projected Bench,23733,677649
rangers,Jack Leiter,Projected Starting Rotation,30146,683004
rangers,Jacob deGrom,Projected Starting Rotation,10954,594798
rangers,Jacob Latz,Projected Starting Rotation,21306,656641
rangers,Jake Burger,Starting Lineup,22275,669394
rangers,Jakob Junis,Projected Bullpen,13619,596001
rangers,Joc Pederson,Starting Lineup,11899,592626
rangers,Josh Jung,Starting Lineup,26299,673962
rangers,Josh Sborz,Projected Bullpen,18323,622250
rangers,Josh Smith,Starting Lineup,26396,669701
rangers,Kyle Higashioka,Projected Bench,5517,543309
rangers,MacKenzie Gore,Projected Starting Rotation,22201,669022
rangers,Nathan Eovaldi,Projected Starting Rotation,9132,543135
rangers,Robert Garcia,Projected Bullpen,23363,676395
rangers,Ryan Brasier,Projected Bullpen,5615,518489
rangers,Sam Haggerty,Projected Bench,18054,664059
rangers,Tyler Alexander,Projected Bullpen,17735,641302
rangers,Wyatt Langford,Starting Lineup,33333,694671
rays,Ben Williamson,Projected Bench,33197,810938
rays,Bryan Baker,Projected Bullpen,19804,641329
rays,Cedric Mullins,Starting Lineup,17929,656775
rays,Chandler Simpson,Starting Lineup,31912,802415
rays,Cole Sulser,Projected Bullpen,15256,642121
rays,Drew Rasmussen,Projected Starting Rotation,25385,656876
rays,Garrett Cleavinger,Projected Bullpen,17897,664076
rays,Gavin Lux,Starting Lineup,19955,666158
rays,Griffin Jax,Projected Bullpen,20253,643377
rays,Hunter Bigge,Projected Bullpen,26259,685801
rays,Hunter Feduccia,Projected Bench,23372,676439
rays,Jake Fraley,Starting Lineup,19260,641584
rays,Jonathan Aranda,Starting Lineup,21837,666018
rays,Jonny DeLuca,Projected Bench,26365,676356
rays,Junior Caminero,Starting Lineup,28163,691406
rays,Kevin Kelly,Projected Bullpen,25679,687330
rays,Mason Englert,Projected Bullpen,22288,669438
rays,Nick Fortes,Starting Lineup,21538,663743
rays,Nick Martinez,Projected Starting Rotation,12730,607259
rays,Ryan Pepiot,Projected Starting Rotation,26221,686752
rays,Ryan Vilade,Projected Bench,22165,668723
rays,Shane McClanahan,Projected Starting Rotation,21483,663556
rays,Steven Matz,Projected Starting Rotation,13361,571927
rays,Taylor Walls,Starting Lineup,22458,670764
rays,Yandy Díaz,Starting Lineup,16578,650490
rays,Yoendrys Gómez,Projected Bullpen,22872,672782
red-sox,Andruw Monasterio,Projected Bench,19455,655316
red-sox,Aroldis Chapman,Projected Bullpen,10233,547973
red-sox,Brayan Bello,Projected Starting Rotation,23920,678394
red-sox,Caleb Durbin,Starting Lineup,29646,702332
red-sox,Carlos Narváez,Starting Lineup,19722,665966
red-sox,Ceddanne Rafaela,Starting Lineup,24262,678882
red-sox,Connor Wong,Projected Bench,19896,657136
red-sox,Garrett Crochet,Projected Starting Rotation,27463,676979
red-sox,Garrett Whitlock,Projected Bullpen,20191,676477
red-sox,Greg Weissert,Projected Bullpen,20375,669711
red-sox,Isiah Kiner-Falefa,Projected Bench,16512,643396
red-sox,Jarren Duran,Starting Lineup,24617,680776
red-sox,Johan Oviedo,Projected Starting Rotation,22487,670912
red-sox,Jovani Morán,Projected Bullpen,20422,663558
red-sox,Justin Slaten,Projected Bullpen,25648,686580
red-sox,Marcelo Mayer,Starting Lineup,29668,691785
red-sox,Masataka Yoshida,Projected Bench,31837,807799
red-sox,Ranger Suarez,Projected Starting Rotation,17277,624133
red-sox,Roman Anthony,Starting Lineup,31812,701350
red-sox,Ryan Watson,Projected Bullpen,sa3015070,
red-sox,Sonny Gray,Projected Starting Rotation,12768,543243
red-sox,Tayron Guerrero,Projected Bullpen,11691,594027
red-sox,Trevor Story,Starting Lineup,12564,596115
red-sox,Willson Contreras,Starting Lineup,11609,575929
red-sox,Wilyer Abreu,Starting Lineup,23772,677800
red-sox,Zack Kelly,Projected Bullpen,20349,677161
reds,Andrew Abbott,Projected Starting Rotation,29911,671096
reds,Brady Singer,Projected Starting Rotation,25377,663903
reds,Brock Burke,Projected Bullpen,17968,656271
reds,Caleb Ferguson,Projected Bullpen,19349,657571
reds,Chase Burns,Projected Starting Rotation,35333,695505
reds,Connor Phillips,Projected Bullpen,27649,683175
reds,Dane Myers,Projected Bench,22054,667472
reds,Elly De La Cruz,Starting Lineup,26668,682829
reds,Emilio Pagán,Projected Bullpen,14771,641941
reds,Eugenio Suárez,Starting Lineup,12552,553993
reds,Graham Ashcraft,Projected Bullpen,27552,668933
reds,JJ Bleday,Starting Lineup,26368,668709
reds,Jose Trevino,Projected Bench,16725,624431
reds,Ke'Bryan Hayes,Starting Lineup,18577,663647
reds,Matt McLain,Starting Lineup,29695,680574
reds,Nick Lodolo,Projected Starting Rotation,26378,666157
reds,Noelvi Marte,Starting Lineup,26517,682622
reds,Pierce Johnson,Projected Bullpen,13435,572955
reds,Rhett Lowder,Projected Starting Rotation,33876,695076
reds,Sal Stewart,Starting Lineup,31505,701398
reds,Sam Moll,Projected Bullpen,14874,594580
reds,Spencer Steer,Projected Bench,26323,668715
reds,TJ Friedl,Starting Lineup,19522,670770
reds,Tony Santillan,Projected Bullpen,19926,663574
reds,Tyler Stephenson,Starting Lineup,17988,663886
reds,Will Benson,Projected Bench,21853,666181
rockies,Antonio Senzatela,Projected Bullpen,15488,622608
rockies,Blaine Crim,Projected Bench,25714,688760
rockies,Braxton Fulford,Projected Bench,29704,690924
rockies,Brennan Bernardino,Projected Bullpen,16835,657514
rockies,Brenton Doyle,Starting Lineup,25479,686668
rockies,Chase Dollander,Projected Starting Rotation,33482,801403
rockies,Edouard Julien,Starting Lineup,27534,666397
rockies,Ezequiel Tovar,Starting Lineup,24064,678662
rockies,Hunter Goodman,Starting Lineup,29715,696100
rockies,Jake McCarthy,Starting Lineup,21622,664983
rockies,Jimmy Herget,Projected Bullpen,17556,623474
rockies,John Brebbia,Projected Bullpen,12777,605154
rockies,Jordan Beck,Starting Lineup,31431,687597
rockies,Jose Quintana,Projected Starting Rotation,11423,500779
rockies,Juan Mejia,Projected Bullpen,23237,675848
rockies,Keegan Thompson,Projected Bullpen,19795,624522
rockies,Kyle Freeland,Projected Starting Rotation,16256,607536
rockies,Michael Lorenzen,Projected Starting Rotation,14843,547179
rockies,Mickey Moniak,Starting Lineup,19956,666160
rockies,Ryan Ritter,Projected Bench,31500,690022
rockies,Tomoyuki Sugano,Projected Starting Rotation,35321,608372
rockies,Troy Johnston,Starting Lineup,26143,687859
rockies,Tyler Freeman,Projected Bench,22532,671289
rockies,Victor Vodnik,Projected Bullpen,24614,680767
rockies,Willi Castro,Starting Lineup,17338,650489
rockies,Zach Agnos,Projected Bullpen,31552,688642
royals,Alex Lange,Projected Bullpen,19883,656638
royals,Bailey Falter,Projected Bullpen,20070,663559
royals,Bobby Witt Jr.,Starting Lineup,25764,677951
royals,Carlos Estévez,Projected Bullpen,14542,608032
royals,Carter Jensen,Starting Lineup,29478,695600
royals,Cole Ragans,Projected Starting Rotation,21846,666142
royals,Daniel Lynch IV,Projected Bullpen,21537,663738
royals,Isaac Collins,Starting Lineup,25477,686555
royals,Jac Caglianone,Starting Lineup,35041,695506
royals,John Schreiber,Projected Bullpen,20020,670167
royals,Jonathan India,Starting Lineup,21523,663697
royals,Kris Bubic,Projected Starting Rotation,21455,663460
royals,Kyle Isbel,Starting Lineup,21614,664728
royals,Lane Thomas,Projected Bench,16939,657041
royals,Lucas Erceg,Projected Bullpen,19360,668674
royals,Maikel Garcia,Starting Lineup,22715,672580
royals,Matt Strahm,Projected Bullpen,13799,621381
royals,Michael Massey,Projected Bench,27684,686681
royals,Michael Wacha,Projected Starting Rotation,14078,608379
royals,Nick Mears,Projected Bullpen,25376,683232
royals,Noah Cameron,Projected Starting Rotation,30184,702070
royals,Salvador Perez,Starting Lineup,7304,521692
royals,Seth Lugo,Projected Starting Rotation,12447,607625
royals,Starling Marte,Projected Bench,9241,516782
royals,Tyler Tolbert,Projected Bench,25779,686475
royals,Vinnie Pasquantino,Starting Lineup,27676,686469
tigers,Brant Hurter,Projected Bullpen,30133,676428
tigers,Brenan Hanifee,Projected Bullpen,22304,669724
tigers,Casey Mize,Projected Starting Rotation,20492,663554
tigers,Colt Keith,Starting Lineup,27899,690993
tigers,Dillon Dingler,Starting Lineup,27464,693307
tigers,Drew Anderson,Projected Bullpen,15130,623454
tigers,Framber Valdez,Projected Starting Rotation,17295,664285
tigers,Gleyber Torres,Starting Lineup,16997,650402
tigers,Jack Flaherty,Projected Starting Rotation,17479,656427
tigers,Jahmai Jones,Projected Bench,18872,663330
tigers,Jake Rogers,Projected Bench,19452,668670
tigers,Javier Báez,Projected Bench,12979,595879
tigers,Justin Verlander,Projected Starting Rotation,8700,434378
tigers,Kenley Jansen,Projected Bullpen,3096,445276
tigers,Kerry Carpenter,Starting Lineup,25961,681481
tigers,Kevin McGonigle,Starting Lineup,sa3022895,805808
tigers,Kyle Finnegan,Projected Bullpen,15009,640448
tigers,Matt Vierling,Projected Bench,21558,663837
tigers,Riley Greene,Starting Lineup,25976,682985
tigers,Sean Guenther,Projected Bullpen,20045,
tigers,Spencer Torkelson,Starting Lineup,27465,679529
tigers,Tarik Skubal,Projected Starting Rotation,22267,669373
tigers,Tyler Holton,Projected Bullpen,26231,663947
tigers,Wenceel Pérez,Starting Lineup,22857,672761
tigers,Will Vest,Projected Bullpen,19769,676684
tigers,Zach McKinstry,Starting Lineup,19392,656716
twins,Andrew Chafin,Projected Bullpen,12988,605177
twins,Anthony Banda,Projected Bullpen,14706,607455
twins,Austin Martin,Projected Bench,27462,668885
twins,Bailey Ober,Projected Starting Rotation,21224,641927
twins,Brooks Lee,Starting Lineup,31595,686797
twins,Byron Buxton,Starting Lineup,14161,621439
twins,Cole Sands,Projected Bullpen,21461,663485
twins,Eric Orze,Projected Bullpen,27626,679358
twins,James Outman,Projected Bench,24770,681546
twins,Joe Ryan,Projected Starting Rotation,21390,657746
twins,Josh Bell,Starting Lineup,13145,605137
twins,Justin Topa,Projected Bullpen,15145,623437
twins,Kody Clemens,Projected Bench,20572,665019
twins,Kody Funderburk,Projected Bullpen,24993,681892
twins,Luke Keaschall,Starting Lineup,33321,807712
twins,Matt Wallner,Starting Lineup,26466,670242
twins,Mick Abel,Projected Starting Rotation,27756,690953
twins,Royce Lewis,Starting Lineup,20437,668904
twins,Ryan Jeffers,Starting Lineup,24618,680777
twins,Ryan Kreidler,Projected Bench,25867,668952
twins,Simeon Woods Richardson,Projected Starting Rotation,24494,680573
twins,Taj Bradley,Projected Starting Rotation,22543,671737
twins,Taylor Rogers,Projected Bullpen,13449,573124
twins,Travis Adams,Projected Bullpen,30180,
twins,Trevor Larnach,Starting Lineup,21501,663616
twins,Victor Caratini,Starting Lineup,14968,605170
white-sox,Alexander Alberto,Projected Bullpen,sa3015986,
white-sox,Andrew Benintendi,Starting Lineup,17901,643217
white-sox,Anthony Kay,Projected Starting Rotation,20387,641743
white-sox,Austin Hays,Starting Lineup,19363,669720
white-sox,Brandon Eisert,Projected Bullpen,27668,
white-sox,Brooks Baldwin,Starting Lineup,31394,681460
white-sox,Chase Meidroth,Starting Lineup,31580,805367
white-sox,Colson Montgomery,Starting Lineup,29712,695657
white-sox,Davis Martin,Projected Starting Rotation,21448,663436
white-sox,Edgar Quero,Starting Lineup,28022,700337
white-sox,Erick Fedde,Projected Starting Rotation,17425,607200
white-sox,Everson Pereira,Projected Bench,23695,677592
white-sox,Grant Taylor,Projected Bullpen,33927,691799
white-sox,Jordan Hicks,Projected Bullpen,19618,663855
white-sox,Jordan Leasure,Projected Bullpen,29950,673929
white-sox,Korey Lee,Projected Bench,25543,686676
white-sox,Kyle Teel,Starting Lineup,33549,691019
white-sox,Lenyn Sosa,Projected Bench,22896,672820
white-sox,Luisangel Acuña,Projected Bench,26548,682668
white-sox,Miguel Vargas,Starting Lineup,20178,678246
white-sox,Mike Vasil,Projected Bullpen,30105,678024
white-sox,Munetaka Murakami,Starting Lineup,sa3063258,808959
white-sox,Sean Burke,Projected Starting Rotation,29878,680732
white-sox,Sean Newcomb,Projected Bullpen,16943,656794
white-sox,Seranthony Domínguez,Projected Bullpen,19249,622554
white-sox,Shane Smith,Projected Starting Rotation,31687,681343
yankees,Aaron Judge,Starting Lineup,15640,592450
yankees,Amed Rosario,Projected Bench,15518,642708
yankees,Austin Wells,Starting Lineup,27562,669224
yankees,Ben Rice,Starting Lineup,29576,700250
yankees,Cade Winquest,Projected Bullpen,sa3020805,
yankees,Cam Schlittler,Projected Starting Rotation,32095,693645
yankees,Camilo Doval,Projected Bullpen,21992,666808
yankees,Cody Bellinger,Starting Lineup,15998,641355
yankees,David Bednar,Projected Bullpen,19569,670280
yankees,Fernando Cruz,Projected Bullpen,7048,518585
yankees,Giancarlo Stanton,Starting Lineup,4949,519317
yankees,J.C. Escarra,Projected Bench,20084,641555
yankees,Jake Bird,Projected Bullpen,21267,656234
yankees,Jazz Chisholm Jr.,Starting Lineup,20454,665862
yankees,José Caballero,Starting Lineup,23401,676609
yankees,Luis Gil,Projected Starting Rotation,21052,661563
yankees,Max Fried,Projected Starting Rotation,13743,608331
yankees,Paul Blackburn,Projected Bullpen,14739,621112
yankees,Paul Goldschmidt,Projected Bench,9218,502671
yankees,Randal Grichuk,Projected Bench,10243,545341
yankees,Ryan McMahon,Starting Lineup,15112,641857
yankees,Ryan Weathers,Projected Starting Rotation,23796,677960
yankees,Ryan Yarbrough,Projected Bullpen,16502,642232
yankees,Tim Hill,Projected Bullpen,16814,657612
yankees,Trent Grisham,Starting Lineup,18564,663757
yankees,Will Warren,Projected Starting Rotation,30182,701542
