Name,Team,Level,Age,G,AB,PA,H,1B,2B,3B,HR,R,RBI,BB,IBB,SO,HBP,SF,SH,GDP,SB,CS,AVG,NameASCII,PlayerId,MLBAMID
"Mike Trout","LAA","ST",34,13,35,38,9,4,5,0,0,3,3,3,0,10,0,0,0,0,0,0,0.257142857,"Mike Trout","10155",545361
"Marcell Ozuna","PIT","ST",35,12,35,37,10,7,2,0,1,3,4,2,0,7,0,0,0,4,0,0,0.285714285,"Marcell Ozuna","10324",542303
"Gary Sánchez","MIL","ST",33,14,43,47,10,7,1,0,2,7,5,3,0,9,1,0,0,0,0,0,0.232558139,"Gary Sanchez","11442",596142
"Mark Canha","TEX","ST",37,14,38,39,12,9,0,0,3,6,6,1,0,6,0,0,0,1,2,1,0.315789473,"Mark Canha","11445",592192
"Yolmer Sánchez","LAA","ST",34,18,31,38,9,8,1,0,0,5,5,4,0,9,1,0,2,1,1,0,0.29032258,"Yolmer Sanchez","11602",570560
"Brandon Drury","KCR","ST",33,12,35,40,6,5,0,0,1,4,4,3,0,14,2,0,0,0,0,0,0.171428571,"Brandon Drury","11615",592273
"Nick Castellanos","SDP","ST",34,15,38,44,9,5,2,0,2,7,7,5,0,7,1,0,0,2,0,0,0.236842105,"Nick Castellanos","11737",592206
"Joc Pederson","TEX","ST",34,14,33,39,6,6,0,0,0,0,0,5,0,12,1,0,0,0,0,0,0.181818181,"Joc Pederson","11899",592626
"Ben Gamel","ATL","ST",34,11,34,35,7,1,2,0,4,7,7,1,0,12,0,0,0,0,0,0,0.205882352,"Ben Gamel","12160",592325
"Marcus Semien","NYM","ST",35,13,33,40,7,4,1,0,2,5,6,3,0,10,0,4,0,0,0,0,0.212121212,"Marcus Semien","12533",543760
"Trevor Story","BOS","ST",33,12,37,38,15,8,4,3,0,6,3,1,0,11,0,0,0,0,1,0,0.405405405,"Trevor Story","12564",596115
"George Springer","TOR","ST",36,12,32,37,10,6,2,0,2,9,5,5,0,5,0,0,0,1,0,0,0.3125,"George Springer","12856",543807
"Teoscar Hernández","LAD","ST",33,15,40,42,18,11,4,0,3,9,16,1,0,5,1,0,0,2,0,0,0.45,"Teoscar Hernandez","13066",606192
"Josh Bell","MIN","ST",33,15,37,47,12,9,2,0,1,2,5,9,0,8,1,0,0,2,1,0,0.324324324,"Josh Bell","13145",605137
"Max Muncy","LAD","ST",35,12,32,35,10,7,0,0,3,7,5,3,0,6,0,0,0,0,0,0,0.3125,"Max Muncy","13301",571970
"Ildemaro Vargas","ARI","ST",34,12,38,39,14,11,2,0,1,7,7,1,0,3,0,0,0,0,0,0,0.368421052,"Ildemaro Vargas","13324",545121
"Christian Walker","HOU","ST",35,12,32,35,3,1,1,0,1,2,2,3,0,9,0,0,0,1,0,0,0.09375,"Christian Walker","13419",572233
"José Ramírez","CLE","ST",33,14,34,40,8,3,2,0,3,4,10,5,0,9,0,1,0,0,3,1,0.235294117,"Jose Ramirez","13510",608070
"Patrick Wisdom","SEA","ST",34,12,37,38,9,6,1,0,2,7,8,1,0,18,0,0,0,0,0,0,0.243243243,"Patrick Wisdom","13602",621550
"Carson Kelly","CHC","ST",31,11,31,33,12,6,3,0,3,5,7,1,0,6,1,0,0,0,0,0,0.387096774,"Carson Kelly","13620",608348
"Jeimer Candelario","LAA","ST",32,18,46,53,11,2,4,1,4,8,10,6,0,16,1,0,0,2,0,0,0.239130434,"Jeimer Candelario","13621",600869
"Corey Seager","TEX","ST",32,14,33,40,8,5,1,0,2,7,4,6,0,11,1,0,0,2,0,0,0.242424242,"Corey Seager","13624",608369
"Tyrone Taylor","NYM","ST",32,12,28,31,9,3,4,0,2,7,7,1,0,5,1,1,0,1,0,0,0.321428571,"Tyrone Taylor","13675",621438
"Chris Taylor","LAA","ST",35,16,39,49,9,5,2,1,1,5,4,10,0,11,0,0,0,0,0,0,0.23076923,"Chris Taylor","13757",621035
"Rob Refsnyder","SEA","ST",35,13,36,40,6,3,2,0,1,2,3,1,0,12,3,0,0,1,0,0,0.166666666,"Rob Refsnyder","13770",608701
"Jorge Soler","LAA","ST",34,14,33,40,11,5,5,0,1,7,2,6,0,13,0,0,0,0,0,0,0.333333333,"Jorge Soler","14221",624585
"Matt Olson","ATL","ST",32,13,38,41,10,5,1,0,4,6,6,3,0,10,0,0,0,3,0,0,0.263157894,"Matt Olson","14344",621566
"Kyle Farmer","ATL","ST",35,12,35,36,14,12,1,0,1,3,5,1,0,7,0,0,0,0,0,0,0.4,"Kyle Farmer","14813",571657
"Mike Yastrzemski","ATL","ST",35,12,28,35,12,5,3,0,4,11,7,6,0,7,1,0,0,1,0,0,0.428571428,"Mike Yastrzemski","14854",573262
"Victor Caratini","MIN","ST",32,14,35,40,5,4,0,0,1,3,1,4,0,7,1,0,0,1,0,0,0.142857142,"Victor Caratini","14968",605170
"Ryan McMahon","NYY","ST",31,14,39,41,5,1,4,0,0,2,2,2,0,13,0,0,0,0,0,0,0.128205128,"Ryan McMahon","15112",641857
"Jake Bauers","MIL","ST",30,11,29,37,13,5,4,0,4,9,6,6,0,7,2,0,0,0,3,1,0.448275862,"Jake Bauers","15194",641343
"Mike Tauchman","NYM","ST",35,11,25,31,7,3,3,0,1,5,6,4,0,8,2,0,0,0,0,0,0.28,"Mike Tauchman","15274",643565
"Jeff McNeil","ATH","ST",34,15,37,41,9,7,1,0,1,3,4,3,0,4,1,0,0,1,0,1,0.243243243,"Jeff McNeil","15362",643446
"Dominic Smith","ATL","ST",31,11,31,35,8,6,1,0,1,5,4,3,0,4,1,0,0,0,0,0,0.258064516,"Dominic Smith","15653",642086
"Tyler Wade","TEX","ST",31,14,32,37,14,11,2,0,1,8,2,5,0,7,0,0,0,0,0,0,0.4375,"Tyler Wade","15730",642180
"Miguel Andujar","SDP","ST",31,16,42,50,11,7,1,0,3,9,9,6,0,9,1,1,0,0,1,0,0.261904761,"Miguel Andujar","15878",609280
"Willy Adames","SFG","ST",30,14,38,42,4,3,0,0,1,2,5,3,0,14,0,1,0,1,1,0,0.105263157,"Willy Adames","15986",642715
"Austin Slater","DET","ST",33,15,30,36,8,4,3,0,1,8,4,5,0,10,1,0,0,2,0,0,0.266666666,"Austin Slater","16153",596103
"Trea Turner","PHI","ST",33,13,37,44,5,1,4,0,0,7,4,6,0,6,1,0,0,1,0,0,0.135135135,"Trea Turner","16252",607208
"Pablo Reyes","SDP","ST",32,18,29,34,9,6,3,0,0,6,7,4,0,5,1,0,0,0,0,1,0.310344827,"Pablo Reyes","16357",622569
"Christian Arroyo","NYM","ST",31,12,27,31,6,5,0,0,1,3,5,3,0,5,0,1,0,2,0,0,0.222222222,"Christian Arroyo","16434",624414
"Ryan O'Hearn","PIT","ST",32,14,31,40,10,6,2,0,2,3,9,7,0,9,1,1,0,0,0,0,0.322580645,"Ryan O'Hearn","16442",656811
"Rhys Hoskins","CLE","ST",33,10,30,35,7,3,1,0,3,5,8,5,0,13,0,0,0,0,0,0,0.233333333,"Rhys Hoskins","16472",656555
"Isiah Kiner-Falefa","BOS","ST",31,14,33,38,13,11,2,0,0,3,2,4,0,1,1,0,0,1,3,1,0.393939393,"Isiah Kiner-Falefa","16512",643396
"Mauricio Dubón","ATL","ST",31,13,35,38,11,6,4,0,1,5,6,3,0,9,0,0,0,0,1,0,0.314285714,"Mauricio Dubon","16530",643289
"Danny Jansen","TEX","ST",31,11,30,34,6,1,4,0,1,3,7,3,0,8,0,1,0,1,0,0,0.2,"Danny Jansen","16535",643376
"Connor Joe","SEA","ST",33,17,41,46,15,7,6,1,1,8,6,4,0,11,1,0,0,1,0,0,0.365853658,"Connor Joe","16572",656582
"Lane Thomas","KCR","ST",30,13,38,43,11,6,1,2,2,8,12,4,0,17,0,1,0,1,2,0,0.289473684,"Lane Thomas","16939",657041
"Derek Hill","CHW","ST",30,15,41,47,13,7,2,3,1,6,3,6,0,13,0,0,0,2,1,2,0.31707317,"Derek Hill","16947",656537
"Jose Herrera","TEX","ST",29,17,31,34,9,8,1,0,0,2,3,3,0,10,0,0,0,1,0,0,0.29032258,"Jose Herrera","17040",645444
"Ramón Laureano","SDP","ST",31,13,33,39,9,4,3,1,1,3,3,4,0,15,2,0,0,0,1,0,0.272727272,"Ramon Laureano","17128",657656
"Jorge Mateo","ATL","ST",31,12,33,39,7,4,1,1,1,6,8,4,0,7,0,2,0,0,1,1,0.212121212,"Jorge Mateo","17273",622761
"Jose Siri","LAA","ST",30,18,36,38,7,5,2,0,0,3,1,1,0,12,1,0,0,1,1,1,0.194444444,"Jose Siri","17452",642350
"Eloy Jiménez","TOR","ST",29,17,40,43,11,6,3,0,2,5,3,3,0,8,0,0,0,3,0,0,0.275,"Eloy Jimenez","17484",650391
"Taylor Ward","BAL","ST",32,12,29,37,9,5,3,0,1,7,3,8,0,6,0,0,0,0,2,0,0.310344827,"Taylor Ward","17548",621493
"Vimael Machín","COL","ST",32,18,33,37,7,3,4,0,0,5,4,3,0,6,1,0,0,2,0,0,0.212121212,"Vimael Machin","17684",605353
"Kevin Newman","KCR","ST",32,14,39,42,9,6,3,0,0,4,2,2,0,6,0,1,0,1,0,0,0.23076923,"Kevin Newman","17696",621028
"Ian Happ","CHC","ST",31,11,29,33,5,2,2,0,1,3,6,4,0,6,0,0,0,1,0,0,0.172413793,"Ian Happ","17919",664023
"Scott Kingery","CHC","ST",32,20,41,50,8,6,0,0,2,7,5,8,0,18,1,0,0,0,5,0,0.195121951,"Scott Kingery","17975",664068
"Ty France","SDP","ST",31,16,41,45,14,8,4,0,2,4,11,3,0,6,1,0,0,2,0,0,0.341463414,"Ty France","17982",664034
"Tyler Stephenson","CIN","ST",29,12,31,36,5,2,3,0,0,2,2,5,0,13,0,0,0,0,0,0,0.161290322,"Tyler Stephenson","17988",663886
"Paul DeJong","NYY","ST",32,13,33,39,6,2,2,0,2,7,3,5,0,11,1,0,0,0,0,0,0.181818181,"Paul DeJong","18015",657557
"Jake Cronenworth","SDP","ST",32,15,37,44,14,10,2,1,1,8,6,7,0,5,0,0,0,1,1,0,0.378378378,"Jake Cronenworth","18036",630105
"Dylan Moore","PHI","ST",33,14,31,37,7,6,1,0,0,4,6,4,0,8,1,1,0,0,2,0,0.225806451,"Dylan Moore","18042",664238
"Sam Haggerty","TEX","ST",32,15,35,46,11,8,1,1,1,9,8,11,0,2,0,0,0,1,1,0,0.314285714,"Sam Haggerty","18054",664059
"Nathan Lukes","TOR","ST",31,15,30,38,9,8,0,0,1,5,8,6,0,9,1,1,0,1,1,1,0.3,"Nathan Lukes","18123",664770
"LaMonte Wade Jr.","CHW","ST",32,15,38,49,11,5,3,0,3,10,9,9,0,10,1,1,0,1,2,0,0.289473684,"LaMonte Wade Jr.","18126",664774
"Seth Brown","NYY","ST",33,14,32,35,5,4,0,0,1,2,4,3,0,9,0,0,0,1,0,0,0.15625,"Seth Brown","18171",664913
"Brett Sullivan","COL","ST",32,15,33,36,13,7,4,0,2,10,7,3,0,2,0,0,0,1,2,2,0.393939393,"Brett Sullivan","18217",664954
"Austin Riley","ATL","ST",29,13,31,39,11,7,1,0,3,7,7,6,0,8,1,1,0,1,1,0,0.354838709,"Austin Riley","18360",663586
"Victor Robles","SEA","ST",29,12,35,37,3,3,0,0,0,2,0,1,0,10,1,0,0,1,1,0,0.085714285,"Victor Robles","18363",645302
"Ryan Mountcastle","BAL","ST",29,13,37,39,12,10,2,0,0,2,3,0,0,9,2,0,0,0,0,0,0.324324324,"Ryan Mountcastle","18373",663624
"P.J. Higgins","CIN","ST",33,18,29,37,5,3,1,0,1,4,2,7,0,7,1,0,0,1,0,0,0.172413793,"P.J. Higgins","18433",664731
"Trent Grisham","NYY","ST",29,14,35,40,6,5,1,0,0,4,3,5,0,9,0,0,0,0,1,0,0.171428571,"Trent Grisham","18564",663757
"Ke'Bryan Hayes","CIN","ST",29,13,30,35,6,5,1,0,0,5,4,5,0,4,0,0,0,0,0,0,0.2,"Ke'Bryan Hayes","18577",663647
"Andy Ibáñez","ATH","ST",33,17,47,50,14,8,4,0,2,5,7,3,0,11,0,0,0,0,0,0,0.29787234,"Andy Ibanez","18819",628451
"José Azocar","ATL","ST",30,14,35,37,11,8,2,1,0,5,1,1,0,8,1,0,0,1,0,0,0.314285714,"Jose Azocar","18821",640492
"Yohel Pozo","STL","ST",29,13,35,38,9,6,2,0,1,4,6,3,0,3,0,0,0,4,0,1,0.257142857,"Yohel Pozo","18848",650968
"Leody Taveras","BAL","ST",27,11,32,36,7,4,2,1,0,6,4,3,0,11,0,1,0,0,3,0,0.21875,"Leody Taveras","18900",665750
"Pete Alonso","BAL","ST",31,16,45,50,12,10,0,0,2,4,3,5,0,7,0,0,0,3,1,0,0.266666666,"Pete Alonso","19251",624413
"Garrett Hampson","CIN","ST",31,18,35,38,3,1,0,0,2,4,3,2,0,10,0,1,0,1,0,1,0.085714285,"Garrett Hampson","19262",641658
"Adolis García","PHI","ST",33,13,33,41,10,7,1,0,2,4,4,7,0,2,1,0,0,0,0,1,0.303030303,"Adolis Garcia","19287",666969
"Nick Senzel","LAD","ST",31,19,34,46,9,2,4,0,3,7,11,10,0,9,1,1,0,0,0,0,0.264705882,"Nick Senzel","19293",669222
"Nick Solak","SDP","ST",31,18,40,43,14,7,6,0,1,10,4,2,0,4,0,1,0,1,1,0,0.35,"Nick Solak","19294",669256
"Bryan Reynolds","PIT","ST",31,15,36,41,10,8,2,0,0,1,3,4,0,13,1,0,0,1,0,0,0.277777777,"Bryan Reynolds","19326",668804
"Jose Rojas","NYM","ST",33,12,29,34,2,2,0,0,0,1,2,4,0,9,1,0,0,2,0,0,0.068965517,"Jose Rojas","19331",670351
"Nicky Lopez","COL","ST",31,18,38,44,9,6,3,0,0,5,4,5,0,3,0,1,0,0,0,0,0.236842105,"Nicky Lopez","19339",670032
"Luke Raley","SEA","ST",31,16,42,49,12,6,3,0,3,8,8,5,0,13,2,0,0,0,1,0,0.285714285,"Luke Raley","19354",670042
"Weston Wilson","BAL","ST",31,13,27,34,6,3,2,0,1,5,1,7,0,12,0,0,0,0,2,0,0.222222222,"Weston Wilson","19358",642215
"Austin Hays","CHW","ST",30,15,46,49,16,8,4,1,3,9,8,2,0,9,1,0,0,0,1,1,0.347826086,"Austin Hays","19363",669720
"Zach McKinstry","DET","ST",31,12,28,32,6,4,1,0,1,3,2,4,0,3,0,0,0,1,1,0,0.214285714,"Zach McKinstry","19392",656716
"Andruw Monasterio","BOS","ST",29,14,31,38,10,7,2,0,1,3,5,5,0,7,1,1,0,0,2,3,0.322580645,"Andruw Monasterio","19455",655316
"TJ Friedl","CIN","ST",30,14,38,44,11,10,0,0,1,6,6,5,0,6,0,1,0,1,0,0,0.289473684,"TJ Friedl","19522",670770
"Nathaniel Lowe","CIN","ST",30,14,35,40,9,3,3,0,3,5,8,4,0,11,1,0,0,1,0,0,0.257142857,"Nathaniel Lowe","19566",663993
"Chas McCormick","CHC","ST",31,13,36,37,8,4,3,0,1,4,4,0,0,13,0,1,0,2,0,0,0.222222222,"Chas McCormick","19599",676801
"Bryan De La Cruz","PHI","ST",29,13,37,41,12,10,1,0,1,5,4,3,0,12,1,0,0,1,1,0,0.324324324,"Bryan De La Cruz","19600",650559
"Keibert Ruiz","WSN","ST",27,13,30,36,6,4,1,0,1,2,3,5,0,4,1,0,0,0,0,0,0.2,"Keibert Ruiz","19610",660688
"Bo Bichette","NYM","ST",28,13,32,38,10,6,3,0,1,6,8,5,0,5,0,1,0,4,1,0,0.3125,"Bo Bichette","19612",666182
"Brent Rooker","ATH","ST",31,15,40,44,13,6,3,0,4,7,10,3,0,12,1,0,0,0,1,0,0.325,"Brent Rooker","19627",667670
"Carlos Narváez","BOS","ST",27,13,28,33,8,7,0,0,1,3,8,4,0,8,0,1,0,0,0,0,0.285714285,"Carlos Narvaez","19722",665966
"Josh Rojas","KCR","ST",32,15,38,44,10,4,4,0,2,8,8,6,0,9,0,0,0,1,0,0,0.263157894,"Josh Rojas","19734",668942
"Luis Rengifo","MIL","ST",29,13,38,42,10,7,0,0,3,8,5,4,0,6,0,0,0,1,3,0,0.263157894,"Luis Rengifo","19858",650859
"Tristan Gray","MIN","ST",30,15,36,41,7,3,4,0,0,5,1,5,0,12,0,0,0,0,0,0,0.194444444,"Tristan Gray","19877",656484
"Gavin Sheets","SDP","ST",30,15,37,45,10,5,2,0,3,6,8,8,0,4,0,0,0,1,0,0,0.27027027,"Gavin Sheets","19901",657757
"Jesús Sánchez","TOR","ST",28,16,42,47,10,9,1,0,0,5,4,5,0,13,0,0,0,1,1,1,0.238095238,"Jesus Sanchez","19913",660821
"Daulton Varsho","TOR","ST",29,17,43,47,19,8,5,1,5,12,14,3,0,2,1,0,0,1,0,0,0.441860465,"Daulton Varsho","19918",662139
"Blake Perkins","MIL","ST",29,10,31,35,9,8,1,0,0,4,4,3,0,5,0,1,0,0,1,0,0.29032258,"Blake Perkins","19921",663368
"Luke Williams","ATL","ST",29,11,30,34,6,4,1,0,1,2,3,2,0,8,0,2,0,0,3,0,0.2,"Luke Williams","19931",663897
"Cristian Pache","NYM","ST",27,12,28,31,13,8,3,0,2,5,4,2,0,5,1,0,0,0,1,0,0.464285714,"Cristian Pache","19948",665506
"Mickey Moniak","COL","ST",28,11,28,35,7,4,1,0,2,4,5,4,0,6,2,1,0,0,2,1,0.25,"Mickey Moniak","19956",666160
"Taylor Trammell","HOU","ST",28,15,33,40,8,4,2,1,1,5,7,7,0,10,0,0,0,1,2,1,0.242424242,"Taylor Trammell","19960",666211
"Jared Oliva","SFG","ST",30,18,37,42,13,9,4,0,0,14,6,2,0,8,2,0,1,2,13,1,0.351351351,"Jared Oliva","19968",666931
"Santiago Espinal","LAD","ST",31,15,36,44,14,9,3,0,2,12,13,5,0,7,0,3,0,0,1,0,0.388888888,"Santiago Espinal","19997",669289
"Bryce Johnson","SDP","ST",30,17,43,47,13,8,3,0,2,7,6,4,0,11,0,0,0,1,2,3,0.302325581,"Bryce Johnson","20002",669369
"Dylan Carlson","CHC","ST",27,15,35,44,12,10,2,0,0,6,3,7,0,10,2,0,0,0,0,0,0.342857142,"Dylan Carlson","20126",666185
"Miguel Vargas","CHW","ST",26,16,46,54,14,7,6,0,1,11,3,7,0,9,0,1,0,1,1,0,0.304347826,"Miguel Vargas","20178",678246
"Brandon Marsh","PHI","ST",28,11,32,34,5,4,1,0,0,2,1,2,0,8,0,0,0,0,1,0,0.15625,"Brandon Marsh","20202",669016
"Jo Adell","LAA","ST",27,16,45,46,16,8,4,0,4,8,8,0,0,17,1,0,0,0,0,1,0.355555555,"Jo Adell","20220",666176
"Royce Lewis","MIN","ST",27,12,33,37,3,1,0,0,2,3,6,2,0,11,0,2,0,0,2,0,0.09090909,"Royce Lewis","20437",668904
"Nolan Jones","CLE","ST",28,12,33,36,5,2,2,0,1,3,6,3,0,14,0,0,0,0,1,1,0.151515151,"Nolan Jones","20529",666134
"Vidal Bruján","NYM","ST",28,12,26,32,6,6,0,0,0,1,1,6,0,7,0,0,0,1,3,0,0.23076923,"Vidal Brujan","20536",660644
"Jose Miranda","SDP","ST",28,19,40,45,13,7,4,0,2,6,9,4,0,11,1,0,0,1,0,0,0.325,"Jose Miranda","20538",669304
"Kody Clemens","MIN","ST",30,11,31,35,9,5,2,2,0,3,5,3,0,3,0,1,0,2,2,0,0.29032258,"Kody Clemens","20572",665019
"Leo Rivas","SEA","ST",28,17,35,45,7,4,1,0,2,7,3,10,0,11,0,0,0,0,2,0,0.2,"Leo Rivas","21009",660844
"Nico Hoerner","CHC","ST",29,11,27,33,8,3,2,1,2,7,6,5,0,5,0,1,0,1,0,0,0.296296296,"Nico Hoerner","21479",663538
"Brandon Lockridge","MIL","ST",29,13,38,46,12,6,2,0,4,13,9,6,0,11,2,0,0,1,3,0,0.315789473,"Brandon Lockridge","21496",663604
"Luken Baker","ARI","ST",29,13,33,39,9,5,1,0,3,8,8,6,0,7,0,0,0,0,0,1,0.272727272,"Luken Baker","21497",663609
"Trevor Larnach","MIN","ST",29,13,35,40,6,5,0,0,1,4,1,5,0,12,0,0,0,0,0,0,0.171428571,"Trevor Larnach","21501",663616
"Joey Bart","PIT","ST",29,12,31,34,5,4,1,0,0,2,2,1,0,13,2,0,0,3,0,0,0.161290322,"Joey Bart","21524",663698
"Matt Vierling","DET","ST",29,14,41,43,12,5,4,1,2,6,9,2,0,7,0,0,0,1,0,0,0.292682926,"Matt Vierling","21558",663837
"Alec Bohm","PHI","ST",29,12,35,37,11,6,2,0,3,5,9,1,0,4,0,1,0,2,0,0,0.314285714,"Alec Bohm","21618",664761
"Jake McCarthy","COL","ST",28,15,43,49,14,10,3,1,0,7,5,3,0,7,1,1,1,1,6,1,0.325581395,"Jake McCarthy","21622",664983
"Griffin Conine","MIA","ST",28,13,33,40,7,6,0,0,1,4,4,6,0,11,0,0,0,0,1,0,0.212121212,"Griffin Conine","21626",665052
"Rafael Marchán","PHI","ST",27,13,30,34,7,4,3,0,0,2,6,3,0,6,0,1,0,0,0,0,0.233333333,"Rafael Marchan","21646",665561
"José Fermín","STL","ST",27,16,42,46,7,6,1,0,0,3,1,4,0,6,0,0,0,0,1,0,0.166666666,"Jose Fermin","21746",665877
"Esteury Ruiz","MIA","ST",27,14,30,40,4,4,0,0,0,1,3,6,0,7,3,1,0,0,5,0,0.133333333,"Esteury Ruiz","21780",665923
"Andrés Chaparro","WSN","ST",27,15,31,37,5,3,0,0,2,4,5,5,0,11,0,1,0,0,0,0,0.161290322,"Andres Chaparro","21797",665953
"Freddy Fermin","SDP","ST",31,12,34,36,14,9,3,0,2,10,11,2,0,3,0,0,0,0,0,1,0.411764705,"Freddy Fermin","21840",666023
"Will Benson","CIN","ST",28,14,35,44,9,4,1,0,4,13,7,8,0,7,1,0,0,1,2,0,0.257142857,"Will Benson","21853",666181
"Jerar Encarnacion","SFG","ST",28,20,47,48,15,10,3,0,2,4,11,0,0,8,0,1,0,1,0,0,0.319148936,"Jerar Encarnacion","21871",666464
"Christopher Morel","MIA","ST",27,14,37,41,5,4,0,1,0,0,4,3,0,13,0,1,0,0,1,0,0.135135135,"Christopher Morel","21897",666624
"Dane Myers","CIN","ST",30,12,23,35,8,4,3,0,1,7,5,11,0,3,1,0,0,2,1,0,0.347826086,"Dane Myers","22054",667472
"Ryan Vilade","TBR","ST",27,17,40,47,9,6,2,0,1,8,4,5,0,5,1,1,0,2,1,1,0.225,"Ryan Vilade","22165",668723
"Mark Vientos","NYM","ST",26,9,28,30,1,0,1,0,0,0,1,1,0,5,1,0,0,4,0,0,0.035714285,"Mark Vientos","22184",668901
"Mason McCoy","SDP","ST",31,17,36,40,6,4,1,1,0,4,3,3,0,7,0,0,0,0,1,0,0.166666666,"Mason McCoy","22232",669200
"Nolan Gorman","STL","ST",26,15,38,44,9,4,1,1,3,3,6,6,0,8,0,0,0,2,0,0,0.236842105,"Nolan Gorman","22263",669357
"Xavier Edwards","MIA","ST",26,12,30,35,5,4,1,0,0,2,2,4,0,4,0,1,0,0,3,1,0.166666666,"Xavier Edwards","22266",669364
"Samad Taylor","SDP","ST",27,17,30,34,7,5,2,0,0,6,5,2,0,8,0,2,0,0,3,0,0.233333333,"Samad Taylor","22274",669392
"Jake Burger","TEX","ST",30,16,41,46,12,8,1,0,3,6,9,5,0,12,0,0,0,0,0,0,0.292682926,"Jake Burger","22275",669394
"Michael Siani","LAD","ST",26,16,28,35,4,3,1,0,0,6,0,7,0,5,0,0,0,1,3,0,0.142857142,"Michael Siani","22557",672279
"Jarred Kelenic","CHW","ST",26,13,38,41,7,4,1,0,2,6,5,3,0,12,0,0,0,0,2,0,0.184210526,"Jarred Kelenic","22558",672284
"Gabriel Arias","CLE","ST",26,13,32,36,11,7,4,0,0,4,4,3,0,10,1,0,0,1,0,0,0.34375,"Gabriel Arias","22563",672356
"Oswald Peraza","LAA","ST",26,16,48,51,16,8,6,0,2,5,8,3,0,10,0,0,0,2,6,1,0.333333333,"Oswald Peraza","22823",672724
"Wenceel Pérez","DET","ST",26,14,34,38,6,6,0,0,0,4,3,3,0,11,1,0,0,1,2,0,0.176470588,"Wenceel Perez","22857",672761
"Lenyn Sosa","CHW","ST",26,14,39,44,10,3,5,0,2,6,7,4,0,7,0,1,0,1,1,1,0.256410256,"Lenyn Sosa","22896",672820
"Jacob Amaya","ARI","ST",27,15,41,44,15,13,0,0,2,10,10,2,0,10,0,1,0,1,3,0,0.365853658,"Jacob Amaya","23296",676070
"Nelson Velázquez","STL","ST",27,14,39,46,13,8,1,0,4,8,10,7,0,3,0,0,0,3,0,0,0.333333333,"Nelson Velazquez","23359",676369
"José Barrero","BAL","ST",28,14,33,35,4,1,1,0,2,4,5,1,0,13,1,0,0,0,0,0,0.121212121,"Jose Barrero","23378",676480
"Eric Wagaman","MIN","ST",28,16,35,40,9,8,0,0,1,3,3,5,0,11,0,0,0,2,1,2,0.257142857,"Eric Wagaman","23395",676572
"Davis Schneider","TOR","ST",27,15,32,41,3,3,0,0,0,1,2,7,0,10,1,1,0,2,0,1,0.09375,"Davis Schneider","23565",676914
"Brayan Rocchio","CLE","ST",25,12,32,36,10,5,4,0,1,3,4,4,0,7,0,0,0,1,2,1,0.3125,"Brayan Rocchio","23690",677587
"José Tena","WSN","ST",25,16,29,38,6,5,0,0,1,6,2,9,0,8,0,0,0,0,1,1,0.206896551,"Jose Tena","23691",677588
"Ronny Mauricio","NYM","ST",25,13,32,36,10,5,4,0,1,3,5,3,0,6,1,0,0,1,2,0,0.3125,"Ronny Mauricio","23698",677595
"Ezequiel Duran","TEX","ST",27,16,41,49,12,6,3,0,3,8,10,7,0,9,1,0,0,1,0,0,0.292682926,"Ezequiel Duran","23733",677649
"Blaze Alexander","BAL","ST",27,13,32,36,9,8,1,0,0,4,1,4,0,6,0,0,0,0,1,0,0.28125,"Blaze Alexander","23789",677942
"Parker Meadows","DET","ST",26,15,40,46,7,5,2,0,0,4,2,6,0,12,0,0,0,1,2,0,0.175,"Parker Meadows","23800",678009
"Jorge Barrosa","ARI","ST",25,13,37,41,12,5,3,2,2,9,8,4,0,7,0,0,0,1,0,0,0.324324324,"Jorge Barrosa","23968",678489
"Liover Peguero","PHI","ST",25,15,37,39,5,3,2,0,0,3,4,2,0,12,0,0,0,1,0,0,0.135135135,"Liover Peguero","24273",678894
"Max Schuemann","NYY","ST",29,14,29,38,9,6,3,0,0,6,1,9,0,6,0,0,0,0,2,0,0.310344827,"Max Schuemann","24488",680474
"DaShawn Keirsey Jr.","ATL","ST",29,13,29,33,6,3,2,0,1,6,4,4,0,10,0,0,0,0,3,0,0.206896551,"DaShawn Keirsey Jr.","24496",680577
"Addison Barger","TOR","ST",26,15,36,41,10,4,3,0,3,5,12,5,0,9,0,0,0,0,0,0,0.277777777,"Addison Barger","24598",680718
"Steven Kwan","CLE","ST",28,14,36,42,9,3,2,2,2,8,5,5,0,4,1,0,0,0,0,0,0.25,"Steven Kwan","24610",680757
"Ryan Jeffers","MIN","ST",29,12,35,38,7,7,0,0,0,1,4,3,0,7,0,0,0,2,0,0,0.2,"Ryan Jeffers","24618",680777
"Ryan Fitzgerald","LAD","ST",32,18,30,34,10,5,4,1,0,8,7,4,0,7,0,0,0,0,0,0,0.333333333,"Ryan Fitzgerald","24622",680837
"Owen Miller","CHC","ST",29,15,28,33,7,4,3,0,0,3,6,3,0,7,0,2,0,1,2,0,0.25,"Owen Miller","24655",680911
"Brendan Donovan","SEA","ST",29,13,35,42,15,12,2,0,1,7,6,4,0,5,2,1,0,0,2,0,0.428571428,"Brendan Donovan","24679",680977
"Jonah Bride","TEX","ST",30,18,38,45,7,5,2,0,0,5,6,5,0,7,2,0,0,0,0,1,0.184210526,"Jonah Bride","24703",681146
"Logan O'Hoppe","LAA","ST",26,17,41,48,10,5,1,1,3,6,10,6,0,10,1,0,0,0,2,1,0.243902439,"Logan O'Hoppe","24729",681351
"James Outman","MIN","ST",29,15,37,46,8,6,0,0,2,7,6,6,0,15,2,1,0,0,7,1,0.216216216,"James Outman","24770",681546
"Andy Pages","LAD","ST",25,15,41,43,15,10,3,1,1,7,8,1,0,8,0,1,0,2,0,0,0.365853658,"Andy Pages","24816",681624
"Heriberto Hernández","MIA","ST",26,12,30,34,7,3,1,0,3,4,4,4,0,8,0,0,0,0,3,1,0.233333333,"Heriberto Hernandez","24878",681715
"David Fry","CLE","ST",30,12,29,36,4,0,3,0,1,4,4,6,0,7,1,0,0,0,0,0,0.137931034,"David Fry","24934",681807
"Drew Avans","COL","ST",30,14,30,34,3,1,2,0,0,4,2,4,0,11,0,0,0,1,1,0,0.1,"Drew Avans","25183",682183
"Nick Sogard","BOS","ST",28,18,37,43,3,2,0,0,1,4,4,5,0,6,0,1,0,0,2,0,0.081081081,"Nick Sogard","25483",686765
"Joey Ortiz","MIL","ST",27,10,29,35,12,10,1,0,1,9,5,5,0,7,1,0,0,0,2,1,0.413793103,"Joey Ortiz","25493",687401
"Cade Marlowe","ATH","ST",29,18,46,50,15,11,1,1,2,10,6,4,0,7,0,0,0,1,4,0,0.326086956,"Cade Marlowe","25505",687799
"Korey Lee","CHW","ST",27,14,37,46,11,6,3,0,2,7,6,9,0,10,0,0,0,0,4,2,0.297297297,"Korey Lee","25543",686676
"Bryan Ramos","BAL","ST",24,12,33,36,10,6,3,0,1,3,3,2,0,9,1,0,0,0,0,0,0.303030303,"Bryan Ramos","25621",682868
"Will Brennan","SFG","ST",28,19,35,39,11,8,3,0,0,8,6,4,0,5,0,0,0,0,0,3,0.314285714,"Will Brennan","25660",686823
"Grant McCray","SFG","ST",25,19,30,40,8,7,0,0,1,10,4,8,0,6,1,1,0,0,3,2,0.266666666,"Grant McCray","25690",687529
"CJ Abrams","WSN","ST",25,14,35,41,8,4,3,1,0,3,1,6,0,9,0,0,0,0,1,1,0.228571428,"CJ Abrams","25768",682928
"Jared Triolo","PIT","ST",28,14,34,38,9,7,2,0,0,6,4,4,0,10,0,0,0,0,1,0,0.264705882,"Jared Triolo","25807",669707
"Shea Langeliers","ATH","ST",28,17,42,48,15,5,4,0,6,14,12,5,0,8,1,0,0,0,0,0,0.357142857,"Shea Langeliers","25816",669127
"Logan Davidson","TBR","ST",28,16,35,41,5,2,2,0,1,5,4,5,0,15,0,1,0,0,1,0,0.142857142,"Logan Davidson","25844",669722
"Ryan Kreidler","MIN","ST",28,15,34,38,4,3,0,0,1,5,1,3,0,11,1,0,0,0,1,0,0.117647058,"Ryan Kreidler","25867",668952
"Michael Harris II","ATL","ST",25,13,30,35,10,8,2,0,0,6,7,4,0,5,0,1,0,0,5,0,0.333333333,"Michael Harris II","25931",671739
"Kerry Carpenter","DET","ST",28,14,38,42,7,5,1,1,0,4,1,3,0,12,1,0,0,0,0,0,0.184210526,"Kerry Carpenter","25961",681481
"Kevin Alcántara","CHC","ST",23,10,31,34,11,8,2,0,1,5,4,2,0,11,1,0,0,1,0,0,0.354838709,"Kevin Alcantara","25971",682634
"Riley Greene","DET","ST",25,13,35,38,10,6,2,0,2,3,7,3,0,8,0,0,0,1,0,0,0.285714285,"Riley Greene","25976",682985
"Nasim Nuñez","WSN","ST",25,13,29,38,6,3,3,0,0,7,1,8,0,9,1,0,0,1,6,0,0.206896551,"Nasim Nunez","25979",683083
"Brett Baty","NYM","ST",26,10,28,31,10,6,3,0,1,5,6,3,0,4,0,0,0,0,1,0,0.357142857,"Brett Baty","26123",683146
"Troy Johnston","COL","ST",29,19,46,54,15,11,3,1,0,4,5,6,0,10,1,1,0,0,2,2,0.326086956,"Troy Johnston","26143",687859
"Dominic Fletcher","PIT","ST",28,14,31,35,8,6,1,0,1,5,2,2,0,6,2,0,0,0,1,0,0.258064516,"Dominic Fletcher","26149",666150
"Andrew Vaughn","MIL","ST",28,13,40,46,16,11,3,0,2,7,8,5,0,7,1,0,0,0,0,0,0.4,"Andrew Vaughn","26197",683734
"Jake Mangum","PIT","ST",30,14,36,41,10,8,1,1,0,5,3,4,0,10,1,0,0,0,2,0,0.277777777,"Jake Mangum","26202",663968
"Tyler Fitzgerald","SFG","ST",28,20,37,38,7,2,4,0,1,3,7,0,0,14,0,1,0,1,0,0,0.189189189,"Tyler Fitzgerald","26208",666149
"John Rave","KCR","ST",28,13,31,36,7,3,2,2,0,1,2,2,0,9,1,0,2,0,2,0,0.225806451,"John Rave","26284",670231
"Adley Rutschman","BAL","ST",28,13,38,41,11,7,2,0,2,4,5,3,0,7,0,0,0,0,0,0,0.289473684,"Adley Rutschman","26288",668939
"Bryson Stott","PHI","ST",28,13,33,40,12,8,1,0,3,7,6,6,0,6,0,1,0,0,1,0,0.363636363,"Bryson Stott","26294",681082
"Michael Busch","CHC","ST",28,12,32,37,8,4,4,0,0,7,2,3,0,13,2,0,0,0,0,0,0.25,"Michael Busch","26319",683737
"Spencer Steer","CIN","ST",28,15,39,46,7,3,4,0,0,8,3,7,0,10,0,0,0,1,1,0,0.179487179,"Spencer Steer","26323",668715
"JJ Bleday","CIN","ST",28,14,40,43,13,6,3,0,4,8,11,2,0,8,1,0,0,1,0,0,0.325,"JJ Bleday","26368",668709
"Josh Smith","TEX","ST",28,16,38,49,15,8,3,0,4,10,12,11,0,9,0,0,0,0,2,2,0.394736842,"Josh Smith","26396",669701
"Matt Wallner","MIN","ST",28,15,39,48,13,8,3,0,2,6,5,8,0,12,1,0,0,0,1,0,0.333333333,"Matt Wallner","26466",670242
"Luis Matos","SFG","ST",24,21,46,51,13,8,3,0,2,7,5,1,0,3,4,0,0,2,1,0,0.282608695,"Luis Matos","26467",682641
"Spencer Horwitz","PIT","ST",28,11,31,34,4,3,1,0,0,1,2,2,0,6,1,0,0,1,0,0,0.129032258,"Spencer Horwitz","26477",687462
"Noelvi Marte","CIN","ST",24,15,43,44,11,4,4,0,3,5,11,1,0,13,0,0,0,0,0,0,0.255813953,"Noelvi Marte","26517",682622
"Angel Martínez","CLE","ST",24,14,34,37,12,3,6,1,2,6,2,2,0,6,1,0,0,0,1,2,0.352941176,"Angel Martinez","26540",682657
"Luisangel Acuña","CHW","ST",24,13,37,41,17,13,3,0,1,4,3,3,0,5,1,0,0,1,4,2,0.459459459,"Luisangel Acuna","26548",682668
"Elly De La Cruz","CIN","ST",24,14,40,43,12,3,6,1,2,7,10,3,0,12,0,0,0,1,3,0,0.3,"Elly De La Cruz","26668",682829
"Austin Martin","MIN","ST",27,13,28,34,8,8,0,0,0,2,0,5,0,4,1,0,0,0,4,1,0.285714285,"Austin Martin","27462",668885
"Spencer Torkelson","DET","ST",26,13,35,37,8,3,3,0,2,5,6,1,0,9,1,0,0,2,0,0,0.228571428,"Spencer Torkelson","27465",679529
"Tyler Soderstrom","ATH","ST",24,16,40,46,14,7,3,0,4,10,13,4,0,8,2,0,0,1,0,0,0.35,"Tyler Soderstrom","27467",691016
"Jordan Walker","STL","ST",24,12,37,39,6,6,0,0,0,2,2,2,0,15,0,0,0,2,0,1,0.162162162,"Jordan Walker","27475",691023
"Masyn Winn","STL","ST",24,13,33,39,4,4,0,0,0,5,0,6,0,8,0,0,0,2,1,0,0.121212121,"Masyn Winn","27479",691026
"Rece Hinds","CIN","ST",25,20,38,42,15,5,4,1,5,9,11,4,0,13,0,0,0,0,1,1,0.394736842,"Rece Hinds","27493",677956
"Nick Yorke","PIT","ST",24,16,42,46,11,9,0,1,1,8,4,3,0,4,1,0,0,2,3,0,0.261904761,"Nick Yorke","27504",694377
"David Hamilton","MIL","ST",28,15,42,47,12,8,3,0,1,7,9,5,0,7,0,0,0,1,5,0,0.285714285,"David Hamilton","27531",666152
"Garrett Mitchell","MIL","ST",27,10,29,34,2,0,1,0,1,4,4,5,0,18,0,0,0,0,1,0,0.068965517,"Garrett Mitchell","27555",669003
"Casey Schmitt","SFG","ST",27,19,45,49,14,13,1,0,0,7,3,3,0,8,1,0,0,1,2,0,0.311111111,"Casey Schmitt","27577",669477
"Alec Burleson","STL","ST",27,14,31,42,10,9,0,0,1,5,4,9,0,8,1,0,0,0,0,0,0.322580645,"Alec Burleson","27615",676475
"Nick Loftin","KCR","ST",27,14,38,43,11,6,3,0,2,4,11,5,0,6,0,0,0,1,1,1,0.289473684,"Nick Loftin","27630",679845
"Christian Koss","SFG","ST",28,17,36,44,15,14,0,0,1,8,8,7,0,5,1,0,0,0,1,2,0.416666666,"Christian Koss","27653",683766
"Joey Wiemer","WSN","ST",27,17,33,38,5,2,2,0,1,3,4,4,0,10,1,0,0,0,1,1,0.151515151,"Joey Wiemer","27690",686894
"Evan Carter","TEX","ST",23,13,29,38,6,2,1,1,2,5,6,8,0,8,0,1,0,0,1,0,0.206896551,"Evan Carter","27790",694497
"Colt Keith","DET","ST",24,13,32,37,7,6,1,0,0,4,4,5,0,13,0,0,0,0,0,0,0.21875,"Colt Keith","27899",690993
"Alejandro Osuna","TEX","ST",23,11,29,34,10,9,1,0,0,2,5,5,0,3,0,0,0,0,4,0,0.344827586,"Alejandro Osuna","27915",696030
"Petey Halpin","CLE","ST",24,15,30,36,8,4,2,0,2,10,5,5,0,9,1,0,0,0,3,0,0.266666666,"Petey Halpin","27931",690984
"Adael Amador","COL","ST",23,12,35,37,8,5,1,0,2,6,5,2,0,6,0,0,0,3,2,0,0.228571428,"Adael Amador","27962",691182
"Edgar Quero","CHW","ST",23,14,46,50,14,11,2,0,1,3,12,4,0,12,0,0,0,0,0,0,0.304347826,"Edgar Quero","28022",700337
"Jasson Domínguez","NYY","ST",23,14,40,45,13,8,2,0,3,9,10,4,0,11,0,1,0,0,3,1,0.325,"Jasson Dominguez","28080",691176
"Jhostynxon Garcia","PIT","ST",23,16,34,38,15,12,1,0,2,9,5,4,0,9,0,0,0,1,3,0,0.44117647,"Jhostynxon Garcia","28142",691373
"Coby Mayo","BAL","ST",24,12,31,34,14,9,3,0,2,3,12,1,0,1,0,2,0,1,1,0,0.451612903,"Coby Mayo","28312",691723
"Moisés Ballesteros","CHC","ST",22,11,31,33,11,7,2,0,2,4,8,2,0,5,0,0,0,1,0,0,0.354838709,"Moises Ballesteros","28820",694208
"Samuel Basallo","BAL","ST",21,12,32,36,12,5,4,0,3,9,10,4,0,9,0,0,0,1,0,0,0.375,"Samuel Basallo","28824",694212
"Carter Jensen","KCR","ST",22,12,36,39,9,6,0,0,3,7,8,3,0,10,0,0,0,0,1,0,0.25,"Carter Jensen","29478",695600
"Jackson Merrill","SDP","ST",23,16,43,46,10,3,5,0,2,6,6,3,0,11,0,0,0,1,0,0,0.232558139,"Jackson Merrill","29490",701538
"James Wood","WSN","ST",23,13,36,42,5,2,1,1,1,4,4,6,0,11,0,0,0,1,0,0,0.138888888,"James Wood","29518",695578
"Bryce Teodosio","LAA","ST",27,17,44,49,11,8,2,1,0,7,1,2,0,11,1,0,2,1,6,1,0.25,"Bryce Teodosio","29524",669326
"Tim Tawa","ARI","ST",27,14,41,50,12,7,3,0,2,10,7,7,0,10,1,1,0,0,0,0,0.292682926,"Tim Tawa","29571",694374
"Billy Cook","PIT","ST",27,16,34,41,9,4,3,0,2,7,7,6,0,13,1,0,0,0,1,1,0.264705882,"Billy Cook","29573",695257
"Ben Rice","NYY","ST",27,12,36,40,9,5,3,0,1,5,4,4,0,11,0,0,0,0,1,0,0.25,"Ben Rice","29576",700250
"Colton Cowser","BAL","ST",26,13,40,43,9,7,2,0,0,1,2,2,0,16,1,0,0,1,1,2,0.225,"Colton Cowser","29591",681297
"Connor Norby","MIA","ST",26,14,38,38,12,10,1,0,1,5,2,0,0,13,0,0,0,1,3,0,0.315789473,"Connor Norby","29592",681393
"Justyn-Henry Malloy","TBR","ST",26,14,36,38,8,6,2,0,0,2,5,2,0,8,0,0,0,2,1,1,0.222222222,"Justyn-Henry Malloy","29606",669234
"Chad Stevens","COL","ST",27,20,33,49,6,3,1,0,2,8,5,13,0,15,3,0,0,1,2,1,0.181818181,"Chad Stevens","29614",677060
"Sal Frelick","MIL","ST",26,14,43,48,7,6,0,1,0,5,2,5,0,4,0,0,0,1,2,0,0.162790697,"Sal Frelick","29622",686217
"Joey Loperfido","HOU","ST",27,15,34,41,11,9,1,0,1,7,5,7,0,8,0,0,0,0,3,0,0.323529411,"Joey Loperfido","29630",694388
"Caleb Durbin","BOS","ST",26,14,36,43,14,8,5,1,0,11,7,5,0,4,2,0,0,2,3,0,0.388888888,"Caleb Durbin","29646",702332
"Marcelo Mayer","BOS","ST",23,10,25,33,6,5,0,0,1,4,2,8,0,8,0,0,0,0,0,0,0.24,"Marcelo Mayer","29668",691785
"Matt McLain","CIN","ST",26,15,44,49,24,15,2,1,6,16,13,5,0,5,0,0,0,1,2,1,0.545454545,"Matt McLain","29695",680574
"Braxton Fulford","COL","ST",27,15,34,38,9,6,0,0,3,5,8,1,0,8,2,1,0,0,2,0,0.264705882,"Braxton Fulford","29704",690924
"Colson Montgomery","CHW","ST",24,14,46,48,9,6,0,0,3,7,4,2,0,16,0,0,0,1,0,0,0.195652173,"Colson Montgomery","29712",695657
"Hunter Goodman","COL","ST",26,14,40,46,7,4,1,0,2,3,11,3,0,9,1,2,0,1,0,0,0.175,"Hunter Goodman","29715",696100
"Max Muncy","ATH","ST",23,18,44,51,17,8,5,0,4,13,11,7,0,11,0,0,0,2,1,0,0.386363636,"Max Muncy","29779",691777
"Kyle Manzardo","CLE","ST",25,15,43,47,6,4,0,0,2,8,10,4,0,17,0,0,0,0,0,0,0.139534883,"Kyle Manzardo","29794",700932
"Jordan Lawlar","ARI","ST",23,13,41,50,12,7,1,0,4,9,5,9,0,13,0,0,0,0,1,1,0.292682926,"Jordan Lawlar","29976",691783
"Brady House","WSN","ST",23,13,36,39,16,7,6,0,3,5,11,1,0,10,1,1,0,1,0,0,0.444444444,"Brady House","29993",691781
"Daylen Lile","WSN","ST",23,13,38,40,7,3,2,0,2,3,7,1,0,11,0,1,0,1,0,0,0.184210526,"Daylen Lile","29995",695734
"Heston Kjerstad","BAL","ST",27,13,41,42,8,4,2,0,2,4,4,1,0,11,0,0,0,1,0,0,0.195121951,"Heston Kjerstad","31166",677008
"Zach Neto","LAA","ST",25,14,34,42,8,1,6,0,1,5,5,5,0,11,1,2,0,0,2,1,0.235294117,"Zach Neto","31347",687263
"Victor Scott II","STL","ST",25,14,31,43,5,3,2,0,0,3,3,5,0,9,3,2,2,0,5,1,0.161290322,"Victor Scott II","31349",687363
"Nathan Church","STL","ST",25,14,32,39,10,7,2,0,1,5,4,5,0,5,2,0,0,1,2,0,0.3125,"Nathan Church","31357",701675
"Dalton Rushing","LAD","ST",25,14,38,44,7,4,0,0,3,8,6,4,0,14,1,1,0,3,0,0,0.184210526,"Dalton Rushing","31382",687221
"Jordan Beck","COL","ST",25,15,43,50,14,5,7,0,2,7,4,7,0,14,0,0,0,1,1,2,0.325581395,"Jordan Beck","31431",687597
"Jace Jung","DET","ST",25,17,34,40,10,8,1,1,0,5,5,5,0,4,1,0,0,2,0,0,0.294117647,"Jace Jung","31437",690291
"Wade Meckler","LAA","ST",26,17,31,39,6,5,0,1,0,4,3,6,0,6,1,1,0,0,2,1,0.193548387,"Wade Meckler","31490",685133
"Ryan Ritter","COL","ST",25,19,49,53,16,10,4,0,2,11,8,4,0,16,0,0,0,1,3,1,0.326530612,"Ryan Ritter","31500",690022
"Sal Stewart","CIN","ST",22,15,36,45,12,7,2,0,3,8,7,9,0,7,0,0,0,1,4,0,0.333333333,"Sal Stewart","31505",701398
"Drake Baldwin","ATL","ST",25,10,33,35,10,4,2,2,2,4,9,2,0,7,0,0,0,1,0,0,0.303030303,"Drake Baldwin","31539",686948
"Alan Roden","MIN","ST",26,13,39,43,13,11,1,0,1,4,7,4,0,7,0,0,0,0,2,0,0.333333333,"Alan Roden","31564",702176
"Chase Meidroth","CHW","ST",24,16,45,57,12,7,3,1,1,6,6,10,0,7,2,0,0,0,3,2,0.266666666,"Chase Meidroth","31580",805367
"Zach Cole","HOU","ST",25,14,34,44,6,4,0,0,2,4,5,8,0,17,1,1,0,1,5,2,0.176470588,"Zach Cole","31583",805904
"Brooks Lee","MIN","ST",25,15,43,47,12,9,2,1,0,4,2,3,0,7,1,0,0,0,2,1,0.279069767,"Brooks Lee","31595",686797
"Alex Freeland","LAD","ST",24,17,39,52,4,2,2,0,0,2,5,11,0,10,0,2,0,0,0,0,0.102564102,"Alex Freeland","31665",690976
"Cole Young","SEA","ST",22,16,47,52,12,5,3,0,4,6,13,5,0,14,0,0,0,2,3,0,0.255319148,"Cole Young","31680",702284
"Dylan Beavers","BAL","ST",24,11,33,34,7,1,4,1,1,4,2,1,0,10,0,0,0,1,0,0,0.212121212,"Dylan Beavers","31695",687637
"Otto Kemp","PHI","ST",26,16,44,50,11,3,4,0,4,11,13,5,0,16,1,0,0,2,0,0,0.25,"Otto Kemp","31792",805249
"Rhylan Thomas","SEA","ST",26,19,37,43,18,12,3,1,2,6,8,5,0,3,0,1,0,2,1,0,0.486486486,"Rhylan Thomas","31793",689041
"Colby Thomas","ATH","ST",25,18,41,42,10,6,2,0,2,7,8,1,0,9,0,0,0,1,0,0,0.243902439,"Colby Thomas","31855",687515
"Nolan Schanuel","LAA","ST",24,13,31,38,8,6,1,1,0,5,1,5,0,4,2,0,0,0,1,0,0.258064516,"Nolan Schanuel","33189",694384
"Ben Williamson","TBR","ST",25,15,38,42,13,10,1,0,2,5,9,4,0,7,0,0,0,0,2,1,0.342105263,"Ben Williamson","33197",810938
"Kyle Karros","COL","ST",23,13,36,39,15,11,1,1,2,10,8,2,0,8,1,0,0,1,3,0,0.416666666,"Kyle Karros","33252",691720
"Jacob Wilson","ATH","ST",24,15,38,42,8,6,1,0,1,3,5,3,0,4,0,1,0,2,1,0,0.210526315,"Jacob Wilson","33266",805779
"Brice Matthews","HOU","ST",24,14,33,39,9,5,3,0,1,6,10,6,0,11,0,0,0,0,7,0,0.272727272,"Brice Matthews","33280",694728
"Luke Keaschall","MIN","ST",23,15,44,47,16,7,5,2,2,8,9,1,0,2,2,0,0,0,2,0,0.363636363,"Luke Keaschall","33321",807712
"Matt Shaw","CHC","ST",24,16,39,47,14,10,3,0,1,6,3,6,0,6,1,1,0,0,6,0,0.358974358,"Matt Shaw","33322",807713
"Wyatt Langford","TEX","ST",24,13,33,39,15,7,3,0,5,10,15,6,0,4,0,0,0,0,0,0,0.454545454,"Wyatt Langford","33333",694671
"Bryce Eldridge","SFG","ST",21,19,40,50,9,3,4,1,1,8,6,9,0,19,1,0,0,0,0,0,0.225,"Bryce Eldridge","33390",805811
"Dylan Crews","WSN","ST",24,12,29,34,3,3,0,0,0,4,2,4,0,11,0,1,0,1,1,0,0.103448275,"Dylan Crews","33541",686611
"Kristian Campbell","BOS","ST",24,17,40,45,9,6,2,0,1,5,4,2,0,11,3,0,0,2,0,1,0.225,"Kristian Campbell","33644",692225
"CJ Kayfus","CLE","ST",24,14,31,38,6,2,1,1,2,6,3,7,0,10,0,0,0,2,0,0,0.193548387,"CJ Kayfus","33704",692216
"Christian Moore","LAA","ST",23,14,40,43,7,6,0,0,1,2,3,3,0,11,0,0,0,4,1,0,0.175,"Christian Moore","34979",695681
"Cam Smith","HOU","ST",23,14,36,41,10,4,5,0,1,3,3,5,0,12,0,0,0,1,0,1,0.277777777,"Cam Smith","35108",701358
"Nick Kurtz","ATH","ST",23,18,47,57,10,4,3,0,3,9,6,9,0,13,1,0,0,1,0,0,0.212765957,"Nick Kurtz","35110",701762
"Freddie Freeman","LAD","ST",36,12,28,34,12,8,3,0,1,6,10,5,0,2,0,1,0,0,0,0,0.428571428,"Freddie Freeman","5361",518692
"Jose Altuve","HOU","ST",36,12,34,36,4,3,0,0,1,1,1,2,0,12,0,0,0,1,1,0,0.117647058,"Jose Altuve","5417",514888
"Miguel Rojas","LAD","ST",37,14,39,42,13,11,1,0,1,7,5,2,0,7,0,1,0,0,2,0,0.333333333,"Miguel Rojas","7802",500743
"Rafael Lantigua","TOR","ST",28,19,30,35,11,10,1,0,0,6,2,5,0,7,0,0,0,1,3,0,0.366666666,"Rafael Lantigua","sa3003219",672463
"Carlos Rodríguez","SDP","ST",25,19,32,37,10,8,1,1,0,5,2,5,0,6,0,0,0,0,0,1,0.3125,"Carlos Rodriguez","sa3005478",677578
"Raynel Delgado","TBR","ST",26,17,35,39,8,6,1,1,0,3,6,2,0,8,2,0,0,0,1,0,0.228571428,"Raynel Delgado","sa3007288",669384
"Ramon Mendoza","STL","ST",25,21,29,36,8,5,1,0,2,8,3,6,0,10,1,0,0,0,0,0,0.275862068,"Ramon Mendoza","sa3007513",680636
"Nick Schnell","SDP","ST",26,22,32,35,8,1,2,1,4,6,7,3,0,12,0,0,0,0,1,0,0.25,"Nick Schnell","sa3007639",678010
"Brennen Davis","SEA","ST",26,15,34,40,12,4,4,0,4,7,6,5,0,11,1,0,0,1,0,0,0.352941176,"Brennen Davis","sa3007876",680695
"Victor Bericoto","SFG","ST",24,19,38,40,18,12,3,0,3,8,14,1,0,7,0,1,0,0,0,0,0.47368421,"Victor Bericoto","sa3008767",682674
"Jesus Rodriguez","SFG","ST",24,15,34,37,12,7,4,0,1,4,4,3,0,5,0,0,0,0,2,0,0.352941176,"Jesus Rodriguez","sa3008916",683679
"Christian Cairo","PHI","ST",25,16,30,34,6,5,0,0,1,5,3,3,0,10,1,0,0,2,1,1,0.2,"Christian Cairo","sa3010028",686551
"Jake Holton","SFG","ST",28,19,34,37,9,7,1,0,1,3,8,1,0,7,1,1,0,2,0,0,0.264705882,"Jake Holton","sa3010599",687724
"Jase Bowen","SDP","ST",25,21,46,49,14,5,5,0,4,13,11,2,0,13,1,0,0,0,6,1,0.304347826,"Jase Bowen","sa3011267",687749
"Trei Cruz","DET","ST",27,17,36,39,10,8,2,0,0,1,2,3,0,4,0,0,0,0,2,1,0.277777777,"Trei Cruz","sa3014420",669360
"A.J. Vukovich","ARI","ST",24,15,36,41,5,2,0,0,3,7,8,4,0,8,1,0,0,3,0,0,0.138888888,"A.J. Vukovich","sa3014525",691021
"Blaze Jordan","STL","ST",23,17,34,37,4,2,1,0,1,2,2,3,0,10,0,0,0,0,0,0,0.117647058,"Blaze Jordan","sa3014537",691458
"Felix Reyes","PHI","ST",25,18,33,34,10,6,1,0,3,5,11,1,0,3,0,0,0,2,1,0,0.303030303,"Felix Reyes","sa3015688",694025
"Pedro Ramirez","CHC","ST",22,14,28,35,10,7,1,0,2,5,11,4,0,1,1,2,0,1,5,2,0.357142857,"Pedro Ramirez","sa3015834",699393
"Allan Castro","BOS","ST",23,20,38,41,10,7,2,0,1,7,7,3,0,7,0,0,0,0,3,0,0.263157894,"Allan Castro","sa3016084",691369
"Tyler McDonough","BOS","ST",27,19,26,32,8,7,0,0,1,3,2,5,0,9,1,0,0,0,3,0,0.307692307,"Tyler McDonough","sa3016869",694812
"Riley Tirotta","TOR","ST",27,20,31,37,7,2,4,0,1,5,2,5,0,12,1,0,0,0,0,0,0.225806451,"Riley Tirotta","sa3017078",694661
"Peyton Wilson","KCR","ST",26,18,29,38,7,4,0,0,3,9,8,7,0,11,0,2,0,0,3,0,0.24137931,"Peyton Wilson","sa3017110",686523
"Cameron Cauley","TEX","ST",23,17,39,42,11,5,5,0,1,11,3,3,0,7,0,0,0,2,2,1,0.282051282,"Cameron Cauley","sa3017167",695508
"BJ Murray","CHC","ST",26,15,30,38,8,4,4,0,0,8,2,8,0,9,0,0,0,0,1,0,0.266666666,"BJ Murray","sa3017287",681230
"James Triantos","CHC","ST",23,15,32,39,7,6,1,0,0,4,4,7,0,5,0,0,0,0,4,0,0.21875,"James Triantos","sa3017295",701649
"TJ Rumfield","COL","ST",26,19,44,52,13,9,0,0,4,7,11,5,0,1,2,1,0,0,0,0,0.295454545,"TJ Rumfield","sa3017330",681198
"Braiden Ward","BOS","ST",27,22,42,51,16,13,3,0,0,10,6,6,0,11,3,0,0,0,19,3,0.38095238,"Braiden Ward","sa3017332",685274
"Nathan Hickey","BOS","ST",26,16,28,33,4,2,0,0,2,4,5,5,0,10,0,0,0,0,0,1,0.142857142,"Nathan Hickey","sa3017398",687208
"Noah Miller","LAD","ST",23,21,37,43,10,7,2,0,1,5,5,6,0,12,0,0,0,1,0,0,0.27027027,"Noah Miller","sa3017512",695653
"Luis Lara","MIL","ST",21,19,41,47,11,8,3,0,0,6,5,5,0,13,1,0,0,1,0,2,0.268292682,"Luis Lara","sa3018514",800325
"Jefferson Rojas","CHC","ST",21,18,44,47,10,3,4,0,3,7,10,3,0,12,0,0,0,4,0,0,0.227272727,"Jefferson Rojas","sa3018571",800473
"William Bergolla Jr.","CHW","ST",21,16,35,37,11,9,2,0,0,4,4,2,0,2,0,0,0,0,3,0,0.314285714,"William Bergolla Jr.","sa3019777",703151
"Jacob Berry","MIA","ST",25,13,25,32,1,1,0,0,0,1,1,7,0,7,0,0,0,1,0,1,0.04,"Jacob Berry","sa3019825",694351
"Brody Moore","STL","ST",25,21,32,34,5,4,1,0,0,1,1,0,0,5,1,0,1,1,0,0,0.15625,"Brody Moore","sa3019839",690914
"Gavin Cross","KCR","ST",25,16,35,37,10,7,1,0,2,4,7,2,0,14,0,0,0,0,0,0,0.285714285,"Gavin Cross","sa3019985",688457
"Daniel Susac","SFG","ST",25,15,36,39,12,8,2,0,2,5,3,3,0,9,0,0,0,0,0,0,0.333333333,"Daniel Susac","sa3019997",691740
"Henry Bolte","ATH","ST",22,16,40,43,15,9,3,0,3,8,8,3,0,10,0,0,0,1,2,0,0.375,"Henry Bolte","sa3020006",703607
"Josh Kasevich","TOR","ST",25,19,33,37,9,6,2,0,1,4,4,3,0,2,1,0,0,1,2,0,0.272727272,"Josh Kasevich","sa3020203",688460
"Justin Crawford","PHI","ST",22,15,44,47,12,9,3,0,0,9,2,2,0,8,1,0,0,0,3,1,0.272727272,"Justin Crawford","sa3020240",702222
"Brock Rodden","SEA","ST",26,20,36,41,13,9,1,1,2,4,6,5,0,8,0,0,0,1,2,0,0.361111111,"Brock Rodden","sa3022432",801126
"Max Anderson","DET","ST",24,17,32,33,10,7,3,0,0,5,4,1,0,6,0,0,0,2,0,0,0.3125,"Max Anderson","sa3022567",801194
"Zyhir Hope","LAD","ST",21,21,38,41,7,5,2,0,0,7,6,3,0,13,0,0,0,1,0,0,0.184210526,"Zyhir Hope","sa3022703",814307
"Charles McAdoo","TOR","ST",24,18,30,33,6,3,2,0,1,3,4,3,0,5,0,0,0,0,1,0,0.2,"Charles McAdoo","sa3022823",807727
"Cooper Pratt","MIL","ST",21,16,32,40,10,10,0,0,0,9,4,6,0,11,1,1,0,1,2,0,0.3125,"Cooper Pratt","sa3022867",806198
"LuJames Groover","ARI","ST",24,14,41,42,14,8,5,0,1,6,7,1,0,11,0,0,0,2,0,0,0.341463414,"LuJames Groover","sa3022887",694410
"Kevin McGonigle","DET","ST",21,17,35,47,9,4,2,1,2,8,6,11,0,7,1,0,0,0,2,0,0.257142857,"Kevin McGonigle","sa3022895",805808
"Colt Emerson","SEA","ST",20,18,41,47,11,7,1,1,2,9,8,5,0,10,0,1,0,1,1,1,0.268292682,"Colt Emerson","sa3022923",806068
"George Lombard Jr.","NYY","ST",21,12,28,34,5,2,1,1,1,5,6,6,0,13,0,0,0,0,2,1,0.178571428,"George Lombard Jr.","sa3023233",806146
"Leo De Vries","ATH","ST",19,17,44,47,18,12,3,0,3,8,11,3,0,10,0,0,0,0,3,1,0.409090909,"Leo De Vries","sa3023363",815888
"JJ Wetherholt","STL","ST",23,13,28,37,6,4,0,0,2,6,6,8,0,6,1,0,0,0,2,0,0.214285714,"JJ Wetherholt","sa3025154",802139
"Zach Ehrhard","LAD","ST",23,20,49,54,16,8,5,3,0,9,8,4,0,10,1,0,0,0,4,0,0.326530612,"Zach Ehrhard","sa3025247",701394
"Charlie Condon","COL","ST",23,20,39,46,15,8,4,0,3,6,9,5,0,9,1,1,0,1,0,1,0.384615384,"Charlie Condon","sa3025257",809707
"Ryan Waldschmidt","ARI","ST",23,12,39,41,10,5,4,0,1,7,6,2,0,12,0,0,0,0,1,0,0.256410256,"Ryan Waldschmidt","sa3025261",814439
"Sean Keys","TOR","ST",23,18,29,34,6,3,2,0,1,4,2,4,0,10,1,0,0,2,0,0,0.206896551,"Sean Keys","sa3025317",815873
"James Tibbs III","LAD","ST",23,20,43,51,14,7,3,1,3,7,10,6,0,20,0,2,0,0,0,1,0.325581395,"James Tibbs III","sa3025333",696486
"Tommy White","ATH","ST",23,17,34,37,15,9,2,0,4,8,15,2,0,5,0,1,0,1,0,0,0.44117647,"Tommy White","sa3025383",695720
"Carson Benge","NYM","ST",23,11,32,36,13,11,1,1,0,5,5,3,0,5,1,0,0,1,1,0,0.40625,"Carson Benge","sa3025452",701807
"Konnor Griffin","PIT","ST",20,15,38,43,7,2,1,0,4,4,9,2,0,11,3,0,0,0,0,0,0.184210526,"Konnor Griffin","sa3065496",804606
"Riley Unroe","HOU","ST",30,15,26,37,7,6,1,0,0,3,5,10,0,6,1,0,0,2,2,0,0.269230769,"Riley Unroe","sa737614",624523
"Jesús Bastidas","MIA","ST",27,14,27,30,4,4,0,0,0,0,2,2,0,6,1,0,0,1,1,0,0.148148148,"Jesus Bastidas","sa916969",665846